name,unified_sutra_code,sutra_code,sutra_name,due_reel_count,existed_reel_count,start_volume,end_volume,remark
QS0001,UN0246,QS0001,大般若波羅蜜多經,600,600,1,12,
QS0002,UN0247,QS0002,放光摩訶般若波羅蜜經,30,30,13,13,
QS0003,UN0249,QS0003,摩訶般若波羅蜜經,30,30,13,14,
QS0004,UN0248,QS0004,佛說光讚般若波羅蜜經,10,10,14,14,
QS0005,UN0252,QS0005,摩訶般若波羅蜜鈔經,5,5,14,14,
QS0006,UN0250,QS0006,道行摩訶般若波羅蜜經,10,10,14,14,
QS0007,UN0253,QS0007,小品般若波羅蜜經,10,10,14,14,
QS0008,UN0256,QS0008,勝天王般若波羅蜜經,7,7,15,15,
QS0009,UN0251,QS0009,大明度無極經,6,6,15,15,
QS0010,UN0259,QS0010,佛說濡首菩薩無上清淨分衛經,2,2,15,15,
QS0011,UN0260,QS0011,金剛般若波羅蜜經,1,1,15,15,
QS0012,UN0261,QS0012,金剛般若波羅蜜經,1,1,15,15,
QS0013,UN0262,QS0013,金剛般若波羅蜜經,1,1,15,15,
QS0014,UN0263,QS0014,金剛能斷般若波羅蜜經,1,1,15,15,
QS0015,UN0264,QS0015,能斷金剛般若波羅蜜多經,1,1,15,15,
QS0016,UN0265,QS0016,能斷金剛般若波羅蜜多經,1,1,15,15,
QS0017,UN0266,QS0017,實相般若波羅蜜經,1,1,15,15,
QS0018,UN0271,QS0018,佛說仁王護國般若波羅蜜經,2,2,15,15,
QS0019,UN0278,QS0019,摩訶般若波羅蜜大明呪經,1,1,15,15,
QS0020,UN0277,QS0020,般若波羅蜜多心經,1,1,15,15,
QS0021,UN0257,QS0021,文殊師利所說摩訶般若波羅蜜經,1,1,15,15,
QS0022,UN0258,QS0022,文殊師利所說般若波羅蜜經,1,1,15,15,
QS0023,UN0342,QS0023,大寶積經,120,120,15,17,
QS0024,UN0343,QS0024,大方廣三戒經,3,3,17,17,
QS0025,UN0391,QS0025,佛說無量清淨平等覺經,2,2,17,17,
QS0026,UN0392,QS0026,佛說阿彌陀經,2,2,18,18,
QS0027,UN0390,QS0027,佛說無量壽經,2,2,18,18,
QS0028,UN0345,QS0028,佛說阿閦佛國經,2,2,18,18,
QS0029,UN0346,QS0029,佛說大乘十法經,1,1,18,18,
QS0030,UN0347,QS0030,佛說普門品經,1,1,18,18,
QS0031,UN0349,QS0031,佛說胞胎經,1,1,18,18,
QS0032,UN0350,QS0032,文殊師利佛土嚴淨經,2,2,18,18,
QS0033,UN0355,QS0033,法鏡經,2,2,18,18,
QS0034,UN0354,QS0034,鬱迦羅越問菩薩行經,1,1,18,18,
QS0035,UN0356,QS0035,幻士仁賢經,1,1,18,18,
QS0036,UN0357,QS0036,佛說決定毗尼經,1,1,18,18,
QS0037,UN0359,QS0037,發覺淨心經,2,2,18,18,
QS0038,UN0364,QS0038,佛說優填王經,1,1,18,18,
QS0039,UN0366,QS0039,佛說須摩提經,1,1,18,18,
QS0040,UN0366,QS0040,佛說須摩提菩薩經,1,1,18,18,
QS0041,UN0368,QS0041,佛說離垢施女經,1,1,18,18,
QS0042,UN0367,QS0042,佛說阿闍世王女阿術達菩薩經,1,1,18,18,
QS0043,UN0369,QS0043,得無垢女經,1,1,18,18,
QS0044,UN0370,QS0044,文殊師利所說不思議佛境界經,2,2,18,18,
QS0045,UN0372,QS0045,佛說如幻三昧經,3,3,18,18,
QS0046,UN0371,QS0046,善住意天子所問經,3,3,18,18,
QS0047,UN0373,QS0047,太子刷護經,1,1,18,18,
QS0048,UN0374,QS0048,佛說太子和休經,1,1,18,18,
QS0049,UN0375,QS0049,慧上菩薩問大善權經,2,2,18,18,
QS0050,UN0377,QS0050,大乘顯識經,2,2,18,18,
QS0051,UN0378,QS0051,佛說大乘方等要慧經,1,1,18,18,
QS0052,UN0379,QS0052,彌勒菩薩所問本願經,1,1,18,18,
QS0053,UN0380,QS0053,佛遺日摩尼寶經,1,1,18,18,
QS0054,UN0381,QS0054,佛說摩訶衍寶嚴經,1,1,18,18,
QS0055,UN0383,QS0055,勝鬘師子吼一乘大方便方廣經,1,1,18,18,
QS0056,UN0384,QS0056,毗耶娑問經,2,2,18,18,
QS0057,UN0432,QS0057,大方等大集經,30,30,18,19,
QS0058,UN0434,QS0058,大乘大方等日藏經,10,10,19,19,
QS0059,UN0435,QS0059,大方等大集月藏經,10,10,19,19,
QS0060,UN0451,QS0060,大乘大集地藏十輪經,10,10,20,20,
QS0061,UN0452,QS0061,佛說大方廣十輪經,8,8,20,20,
QS0062,UN0436,QS0062,大集須彌藏經,2,2,20,20,
QS0063,UN0449,QS0063,虛空孕菩薩經,2,2,20,20,
QS0064,UN0446,QS0064,虛空藏菩薩經,1,1,20,20,
QS0065,UN0447,QS0065,虛空藏菩薩神呪經,1,1,20,20,
QS0066,UN0450,QS0066,觀虛空藏菩薩經,1,1,20,20,
QS0067,UN0455,QS0067,佛說菩薩念佛三昧經,6,6,20,20,
QS0068,UN0456,QS0068,佛說大方等大集菩薩念佛三昧經,10,10,20,20,
QS0069,UN0458,QS0069,般舟三昧經,3,3,20,20,
QS0070,UN0460,QS0070,拔陂菩薩經,1,1,20,20,
QS0071,UN0457,QS0071,大方等大集賢護經,5,5,20,20,
QS0072,UN0438,QS0072,阿差末菩薩經,7,7,20,21,
QS0073,UN0437,QS0073,無盡意菩薩經,4,4,21,21,
QS0074,UN0463,QS0074,大集譬喻王經,2,2,21,21,
QS0075,UN0440,QS0075,大哀經,8,8,21,21,
QS0076,UN0441,QS0076,寶女所問經,4,4,21,21,
QS0077,UN0443,QS0077,無言童子經,2,2,21,21,
QS0078,UN0461,QS0078,自在王菩薩經,2,2,21,21,
QS0079,UN0462,QS0079,奮迅王問經,2,2,21,21,
QS0080,UN0445,QS0080,寶星陀羅尼經,8,8,21,21,
QS0081,UN0310,QS0081,大方廣佛華嚴經,60,60,21,22,
QS0082,UN0309,QS0082,大方廣佛華嚴經,80,80,23,24,
QS0083,UN0337,QS0083,信力入印法門經,5,5,24,24,
QS0084,UN0335,QS0084,度諸佛境界智光嚴經,1,1,24,24,
QS0085,UN0336,QS0085,佛華嚴入如來德智不思議境界經,1,1,24,24,
QS0086,UN0334,QS0086,大方廣入如來智德不思議經,1,1,24,24,
QS0087,UN0338,QS0087,大方廣佛華嚴經修慈分,1,1,24,24,
QS0088,UN0332,QS0088,大方廣如來不思議境界經,1,1,24,24,
QS0089,UN0333,QS0089,大方廣佛華嚴經不思議佛境界分,1,1,24,24,
QS0090,UN1163,QS0090,大乘金剛髻珠菩薩修行分經,1,1,24,24,
QS0091,UN0330,QS0091,大方廣普賢所說經,1,1,24,24,
QS0092,UN0339,QS0092,莊嚴菩提心經,1,1,24,24,
QS0093,UN0312,QS0093,佛說菩薩本業經,1,1,24,24,
QS0094,UN0313,QS0094,諸菩薩求佛本業經,1,1,24,24,
QS0095,UN0314,QS0095,菩薩十住行道品經,1,1,24,24,
QS0096,UN0315,QS0096,佛說菩薩十住經,1,1,24,24,
QS0097,UN0316,QS0097,漸備一切智德經,5,5,24,25,
QS0098,UN0317,QS0098,十住經,6,6,25,25,
QS0099,UN0320,QS0099,顯無邊佛土功德經,1,1,25,25,
QS0100,UN0319,QS0100,等目菩薩所問三昧經,3,3,25,25,
QS0101,UN0322,QS0101,佛說如來興顯經,4,4,25,25,
QS0102,UN0323,QS0102,度世品經,6,6,25,25,
QS0103,UN0326,QS0103,佛說羅摩伽經,4,4,25,25,
QS0104,UN0327,QS0104,大方廣佛華嚴經續入法界品,1,1,25,25,
QS0105,UN0340,QS0105,佛說大方廣菩薩十地經,1,1,25,25,
QS0106,UN0311,QS0106,佛說兜沙經,1,1,25,25,
QS0107,UN0409,QS0107,大般涅槃經,40,40,25,26,
QS0108,UN0412,QS0108,大般涅槃經後分,2,2,26,26,
QS0109,UN0411,QS0109,大般泥洹經,6,6,26,26,
QS0110,UN0413,QS0110,佛說方等般泥洹經,2,2,26,26,
QS0111,UN0414,QS0111,四童子三昧經,3,3,26,26,
QS0112,UN0415,QS0112,大悲經,5,5,26,26,
QS0113,UN0244,QS0113,方廣大莊嚴經,12,12,26,27,
QS0114,UN0245,QS0114,普曜經,8,8,27,27,
QS0115,UN0300,QS0115,法華三昧經,1,1,27,27,
QS0116,UN0307,QS0116,無量義經,1,1,27,27,
QS0117,UN0295,QS0117,薩曇分陁利經,1,1,27,27,
QS0118,UN0292,QS0118,妙法蓮華經,7,7,27,27,
QS0119,UN0293,QS0119,正法華經,10,10,27,27,
QS0120,UN0294,QS0120,妙法蓮華經,8,8,27,27,
QS0121,UN0646,QS0121,維摩詰經,3,3,27,28,
QS0122,UN0645,QS0122,維摩詰所說經,3,3,28,28,
QS0123,UN0647,QS0123,說無垢稱經,6,6,28,28,
QS0124,UN0649,QS0124,大方等頂王經,1,1,28,28,
QS0125,UN0650,QS0125,大乘頂王經,1,1,28,28,
QS0126,UN0648,QS0126,善思童子經,2,2,28,28,
QS0127,UN0218,QS0127,大乘大悲分陀利經,8,8,28,28,
QS0128,UN0217,QS0128,悲華經,10,10,28,28,
QS0129,UN0757,QS0129,金光明最勝王經,10,10,28,28,
QS0130,UN0759,QS0130,合部金光明經,8,8,28,29,
QS0131,UN0726,QS0131,伅真陀羅所問寶如來三昧經,3,3,29,29,
QS0132,UN0725,QS0132,大樹緊那羅王所問經,4,4,29,29,
QS0133,UN0833,QS0133,佛昇忉利天為母說法經,3,3,29,29,
QS0134,UN0834,QS0134,道神足無極變化經,4,4,29,29,
QS0135,UN0659,QS0135,佛說寶雨經,10,10,29,29,
QS0136,UN0660,QS0136,寶雲經,7,7,29,29,
QS0137,UN0299,QS0137,阿惟越致遮經,4,4,29,29,
QS0138,UN0298,QS0138,不退轉法輪經,4,4,29,29,
QS0139,UN0297,QS0139,廣博嚴淨不退轉法輪經,4,4,29,29,
QS0140,UN0745,QS0140,入定不定印經,1,1,29,29,
QS0141,UN0746,QS0141,不必定入定入印經,1,1,29,29,
QS0142,UN0417,QS0142,等集眾德三昧經,3,3,29,29,
QS0143,UN0416,QS0143,集一切福德三昧經,3,3,29,29,
QS0144,UN0709,QS0144,持心梵天所問經,4,4,30,30,
QS0145,UN0708,QS0145,思益梵天所問經,4,4,30,30,
QS0146,UN0710,QS0146,勝思惟梵天所問經,6,6,30,30,
QS0147,UN0653,QS0147,持人菩薩所問經,4,4,30,30,
QS0148,UN0652,QS0148,持世經,4,4,30,30,
QS0149,UN0306,QS0149,佛說濟諸方等學經,1,1,30,30,
QS0150,UN0305,QS0150,大乘方廣總持經,1,1,30,30,
QS0151,UN0631,QS0151,佛說文殊師利現寶藏經,2,2,30,30,
QS0152,UN0630,QS0152,大方廣寶篋經,2,2,30,30,
QS0153,UN0768,QS0153,大乘同性經,2,2,30,30,
QS0154,UN0769,QS0154,證契大乘經,2,2,30,30,
QS0155,UN0771,QS0155,深密解脫經,5,5,30,30,
QS0156,UN0770,QS0156,解深密經,5,5,30,30,
QS0157,UN0772,QS0157,佛說解節經,1,1,30,30,
QS0158,UN0773,QS0158,相續解脫地波羅蜜了義經,1,1,30,30,
QS0159,,QS0159,相續解脫如來所作隨順處了義經,1,1,30,30,
QS0160,UN0803,QS0160,緣生初勝分法本經,2,2,30,30,
QS0161,UN0802,QS0161,分別緣起初勝法門經,2,2,30,30,
QS0162,UN0764,QS0162,楞伽阿跋多羅寶經,4,4,30,31,
QS0163,UN0765,QS0163,入楞伽經,10,10,31,31,
QS0164,UN0766,QS0164,大乘入楞伽經,7,7,31,31,
QS0165,UN0303,QS0165,佛說菩薩行方便境界神通變化經,3,3,31,31,
QS0168,,QS0168,大薩遮尼乹子受記經,10,10,31,31,
QS0169,,QS0169,大方等大雲經,4,4,31,31,
QS0170,UN1012,QS0170,大雲請雨經,1,1,31,31,
QS0171,UN1013,QS0171,大雲輪請雨經,2,2,31,31,
QS0172,UN1011,QS0172,大方等大雲請雨經,1,1,31,31,
QS0173,UN0751,QS0173,諸法無行經,2,2,31,31,
QS0174,UN0752,QS0174,諸法本無經,3,3,31,31,
QS0175,UN0736,QS0175,佛說無極寶三昧經,2,2,31,31,
QS0176,UN0737,QS0176,寶如來三昧經,2,2,32,32,
QS0177,UN0733,QS0177,佛說慧印三昧經,1,1,32,32,
QS0178,UN0734,QS0178,佛說如來智印經,1,1,32,32,
QS0179,UN13811,QS0179,佛說灌頂三歸五戒帶佩護身呪經,1,1,32,32,
QS0180,UN13812,QS0180,佛說灌頂七萬二千神王護比丘呪經,1,1,32,32,
QS0181,UN13813,QS0181,佛說灌頂十二萬神王護比丘尼呪經,1,1,32,32,
QS0182,UN13814,QS0182,佛說灌頂百結神王護身呪經,1,1,32,32,
QS0183,UN0387,QS0183,佛說大乘入諸佛境界智光明莊嚴經,5,5,117,117,
QS0184,UN13815,QS0184,佛說灌頂呪宮宅神王守鎮左右經,1,1,32,32,
QS0185,UN13816,QS0185,佛說灌頂塚墓因緣四方神呪經,1,1,32,32,
QS0186,UN13817,QS0186,佛說灌頂伏魔封印大神呪經,1,1,32,32,
QS0187,UN13818,QS0187,佛說灌頂摩尼羅亶大神呪經,1,1,32,32,
QS0188,UN13819,QS0188,佛說灌頂召五方龍王攝疫毒神呪經,1,1,32,32,
QS0189,UN1381a,QS0189,佛說灌頂梵天神策經,1,1,32,32,
QS0190,UN1381b,QS0190,佛說灌頂隨願往生十方淨土普廣所問經,1,1,32,32,
QS0191,UN1381c,QS0191,佛說灌頂章句拔除過罪生死免得度經,1,1,32,32,
QS0192,UN0619,QS0192,佛說藥師如來本願經,1,1,32,32,
QS0193,UN0620,QS0193,藥師琉璃光如來本願功德經,1,1,32,32,
QS0194,UN0621,QS0194,藥師琉璃光七佛本願功德經,2,2,32,32,
QS0195,UN0728,QS0195,佛說阿闍世王經,2,2,32,32,
QS0196,UN0729,QS0196,普超三昧經,4,4,32,32,
QS0197,UN0730,QS0197,佛說放鉢經,1,1,32,32,
QS0198,UN0739,QS0198,月燈三昧經,11,11,32,32,
QS0199,UN0740,QS0199,月燈三昧經,1,1,32,32,
QS0200,UN0832,QS0200,佛說無所希望經,1,1,32,32,
QS0201,UN0831,QS0201,佛說象腋經,1,1,32,32,
QS0202,UN0836,QS0202,佛說大淨法門品經,1,1,32,32,
QS0203,UN0835,QS0203,大莊嚴法門經,2,2,32,32,
QS0205,UN0388,QS0205,如來莊嚴智慧光明入一切佛境界經,2,2,32,32,
QS0207,UN0389,QS0207,度一切諸佛境界智嚴經,1,1,32,32,
QS0208,UN0401,QS0208,拔一切業障根本得生淨土神呪,1,1,32,32,
QS0209,,QS0209,阿彌陀經不思議神力傳,1,1,32,32,
QS0210,UN0398,QS0210,佛說阿彌陀經,1,1,32,32,
QS0211,UN0406,QS0211,後出阿彌陀佛偈經,1,1,32,32,
QS0212,UN0396,QS0212,佛說觀無量壽佛經,1,1,32,32,
QS0214,UN0399,QS0214,稱讚淨土佛攝受經,1,1,32,32,
QS0215,UN0628,QS0215,佛說觀彌勒菩薩上生兜率陁天經,1,1,32,32,
QS0216,UN0625,QS0216,佛說彌勒下生經,1,1,32,32,
QS0217,UN0627,QS0217,佛說彌勒來時經,1,1,32,32,
QS0218,UN0624,QS0218,觀彌勒菩薩下生經,1,1,32,32,
QS0219,UN0625,QS0219,佛說彌勒下生成佛經,1,1,32,32,
QS0220,UN0840,QS0220,諸法勇王經,1,1,32,32,
QS0221,UN0841,QS0221,一切法高王經,1,1,32,32,
QS0222,UN0851,QS0222,第一義法勝經,1,1,33,33,
QS0223,UN0850,QS0223,大威燈光仙人問疑經,1,1,33,33,
QS0224,UN0694,QS0224,樂瓔珞莊嚴方便經,1,1,33,33,
QS0225,UN0695,QS0225,順權方便經,2,2,33,33,
QS0226,UN0623,QS0226,彌勒成佛經,1,1,33,33,
QS0227,UN0212,QS0227,六度集經,8,8,33,33,
QS0228,UN0231,QS0228,太子須大拏經,1,1,33,33,
QS0229,UN02352,QS0229,佛說睒子經,1,1,33,33,
QS0230,UN0227,QS0230,太子慕魄經,1,1,33,33,
QS0231,UN0228,QS0231,佛說太子沐魄經,1,1,33,33,
QS0232,UN0241,QS0232,佛說九色鹿經,1,1,33,33,
QS0233,UN02342,QS0233,菩薩睒子經,1,1,33,33,
QS0234,UN0845,QS0234,無字寶篋經,1,1,33,33,
QS0235,UN0846,QS0235,大乘離文字普光明藏經,1,1,33,33,
QS0236,UN0673,QS0236,佛說長者子制經,1,1,33,33,
QS0237,UN0844,QS0237,大乘遍照光明藏無字法門經,1,1,33,33,
QS0238,UN0688,QS0238,佛說老女人經,1,1,33,33,
QS0239,UN0689,QS0239,佛說老母經,1,1,33,33,
QS0240,UN0690,QS0240,佛說老母女六英經,1,1,33,33,
QS0241,UN0674,QS0241,佛說菩薩逝經,1,1,33,33,
QS0242,UN0679,QS0242,佛說月光童子經,1,1,33,33,
QS0243,UN0680,QS0243,申日兜本經,1,1,33,33,
QS0244,UN0672,QS0244,佛說逝童子經,1,1,33,33,
QS0245,UN0826,QS0245,佛說犢子經,1,1,33,33,
QS0246,UN0825,QS0246,佛說乳光佛經,1,1,33,33,
QS0247,UN0692,QS0247,無垢賢女經,1,1,33,33,
QS0248,UN0693,QS0248,腹中女聽經,1,1,33,33,
QS0249,UN0632,QS0249,文殊師利問菩提經,1,1,33,33,
QS0250,UN0633,QS0250,迦耶山頂經,1,1,33,33,
QS0251,UN0634,QS0251,象頭精舍經,1,1,33,33,
QS0252,UN0635,QS0252,大乘迦耶山頂經,1,1,33,33,
QS0253,UN0677,QS0253,佛說德護長者經,2,2,33,33,
QS0254,UN0691,QS0254,佛說轉女身經,1,1,33,33,
QS0255,UN0780,QS0255,佛說未曾有經,1,1,33,33,
QS0256,UN0781,QS0256,甚稀有經,1,1,33,33,
QS0257,UN0782,QS0257,佛說最無比經,1,1,33,33,
QS0258,UN0848,QS0258,如來師子吼經,1,1,33,33,
QS0259,UN0847,QS0259,大方廣師子吼經,1,1,33,33,
QS0260,UN0642,QS0260,大乘百福相經,1,1,33,33,
QS0261,UN0763,QS0261,佛說無上依經,2,2,33,33,編號重複
QS0262,UN0829,QS0262,佛說決定總持經,1,1,33,33,編號重複
QS0263,UN0828,QS0263,謗佛經,1,1,33,33,
QS0264,UN0386,QS0264,佛說寶積三昧文殊師利菩薩問法身經,1,1,33,33,
QS0265,UN0385,QS0265,入法界體性經,1,1,33,33,
QS0266,UN0643,QS0266,大乘百福莊嚴相經,1,1,33,33,
QS0267,UN0814,QS0267,大乘四法經,1,1,33,33,
QS0268,UN0815,QS0268,佛說菩薩修行四法經,1,1,33,33,
QS0269,UN0783,QS0269,稀有校量功德經,1,1,33,33,
QS0270,UN1562,QS0270,善恭敬經,1,1,33,33,
QS0271,UN0855,QS0271,稱讚大乘功德經,1,1,33,33,
QS0272,UN0856,QS0272,佛說妙法決定業障經,1,1,33,33,
QS0273,UN0239,QS0273,銀色女經,1,1,33,33,
QS0274,UN0664,QS0274,佛說阿闍世王受決經,1,1,33,33,
QS0275,UN0665,QS0275,採華違王上佛授決經,1,1,33,33,
QS0276,UN1563,QS0276,佛說正恭敬經,1,1,33,33,
QS0277,UN0238,QS0277,佛說前世三轉經,1,1,33,33,
QS0278,UN0798,QS0278,了本生死經,1,1,33,33,
QS0279,UN0724,QS0279,佛說自誓三昧經,1,1,33,33,
QS0280,UN0115,QS0280,佛說貝多樹下思惟十二因緣經,1,1,33,33,
QS0281,UN0116,QS0281,緣起聖道經,1,1,33,33,
QS0282,UN0799,QS0282,佛說稻芉經,1,1,33,33,
QS0283,UN0785,QS0283,佛說作佛形像經,1,1,33,33,
QS0284,UN0686,QS0284,佛說龍施女經,1,1,33,33,
QS0285,UN0687,QS0285,佛說龍施菩薩本起經,1,1,33,33,
QS0286,UN0597,QS0286,佛說八吉祥神呪經,1,1,33,33,
QS0287,UN0705,QS0287,轉有經,1,1,33,33,
QS0288,UN0639,QS0288,佛說文殊師利巡行經,1,1,33,33,
QS0289,UN0638,QS0289,文殊屍利行經,1,1,33,33,
QS0290,UN0667,QS0290,佛說諫王經,1,1,33,33,
QS0291,UN0668,QS0291,如來示教勝軍王經,1,1,33,33,
QS0292,UN0669,QS0292,佛為勝光天子說王法經,1,1,33,33,
QS0293,UN0704,QS0293,大方等修多羅王經,1,1,33,33,
QS0294,UN0723,QS0294,如來獨證自誓三昧經,1,1,33,33,
QS0295,UN0790,QS0295,佛說灌佛經,1,1,33,33,
QS0296,UN0791,QS0296,佛說灌洗佛經,1,1,33,33,
QS0297,UN0784,QS0297,佛說造立形像福報經,1,1,33,33,
QS0298,UN0598,QS0298,佛說八陽神呪經,1,1,33,33,
QS0299,UN0599,QS0299,八吉祥經,1,1,33,33,
QS0300,UN0596,QS0300,佛說八佛名號經,1,1,33,33,
QS0301,UN0778,QS0301,佛說盂蘭盆經,1,1,33,33,
QS0302,UN0779,QS0302,佛說報恩奉盆經,1,1,33,33,
QS0303,UN0789,QS0303,佛說浴像功德經,1,1,33,33,
QS0304,UN0788,QS0304,浴像功德經,1,1,33,33,
QS0305,UN0821,QS0305,佛說校量數珠功德經,1,1,33,33,
QS0306,UN0820,QS0306,曼殊室利呪藏中校量數珠功德經,1,1,33,33,
QS0307,UN1124,QS0307,不空羂索神變真言經,30,30,33,34,
QS0308,UN1126,QS0308,不空羂索呪經,1,1,34,34,
QS0309,UN1131,QS0309,不空羂索心呪王經,3,3,34,34,
QS0310,UN1128,QS0310,不空羂索呪心經,1,1,34,34,
QS0311,UN1132,QS0311,不空羂索陀羅尼經,2,2,34,34,
QS0312,UN10801,QS0312,千眼千臂觀世音菩薩陁羅尼神呪經,2,2,34,34,
QS0313,UN1079,QS0313,千手千眼觀世音菩薩姥陀羅尼身經,1,1,34,34,
QS0314,UN1114,QS0314,觀世音菩薩秘密藏神呪經,1,1,34,34,
QS0315,UN1115,QS0315,觀世音菩薩如意摩尼陀羅尼經,1,1,34,34,
QS0316,UN10821,QS0316,千手千眼觀世音菩薩廣大圓滿無礙大悲心陀羅尼經,1,1,34,34,
QS0317,UN1127,QS0317,不空羂索神呪心經,1,1,34,34,
QS0318,UN1113,QS0318,佛說觀自在菩薩如意心陀羅尼呪經,1,1,34,34,
QS0319,UN1112,QS0319,如意輪陀羅尼經,1,1,34,34,
QS0320,UN1220,QS0320,大方廣菩薩藏經中文殊師利根本一字陀羅尼法,1,1,34,34,
QS0321,UN1221,QS0321,曼殊室利菩薩呪藏中一字呪王經,1,1,34,34,
QS0322,UN1394,QS0322,稱讚如來功德神呪經,1,1,34,34,
QS0323,UN1393,QS0323,十二佛名神呪校量功德除障滅罪經,1,1,34,34,
QS0324,UN1005,QS0324,佛說孔雀王呪經,2,2,34,34,
QS0325,UN1005,QS0325,大孔雀王神呪經,1,1,34,34,
QS0326,UN1008,QS0326,佛說大金色孔雀王呪經,1,1,34,34,
QS0327,UN1007,QS0327,大金色孔雀王呪經,1,1,34,34,
QS0328,UN1006,QS0328,佛說大孔雀呪王經,3,3,34,34,
QS0329,UN0919,QS0329,佛說陀羅尼集經,12,12,34,35,
QS0330,UN1104,QS0330,佛說七俱胘佛母大準提陀羅尼經,1,1,35,35,
QS0331,UN1057,QS0331,千轉陁羅尼觀世音菩薩呪,1,1,35,35,
QS0332,UN1056,QS0332,呪五首經,1,1,35,35,
QS0333,UN1218,QS0333,六字大陀羅尼呪經,1,1,35,35,
QS0334,UN12962,QS0334,摩利支天經,1,1,35,35,
QS0335,UN1102,QS0335,佛說七俱胝佛母准提大明陀羅尼經,1,1,35,35,
QS0336,UN1096,QS0336,佛說十一面觀世音神呪經,1,1,35,35,
QS0337,UN1097,QS0337,十一面神呪心經,1,1,35,35,
QS0338,UN09852,QS0338,呪三首經,1,1,35,35,
QS0339,UN11363,QS0339,觀自在菩薩怛縛多唎隨心陀羅尼經,1,1,35,35,
QS0340,UN1385,QS0340,種種雜呪經,1,1,35,35,
QS0341,UN0984,QS0341,佛頂尊勝陀羅尼經,1,1,35,35,
QS0342,UN09851,QS0342,佛頂最勝陀羅尼經,1,1,35,35,
QS0343,UN0983,QS0343,佛頂尊勝陀羅尼經,1,1,35,35,
QS0344,UN1032,QS0344,佛說無量門微密持經,1,1,35,35,
QS0345,UN1033,QS0345,佛說出生無量門持經,1,1,35,35,
QS0346,UN0987,QS0346,佛說佛頂尊勝陀羅尼經,1,1,35,35,
QS0347,UN0986,QS0347,佛說最勝佛頂陀羅尼淨除業障經,1,1,35,35,
QS0348,UN1035,QS0348,阿難陀目佉尼呵離陀經,1,1,35,35,
QS0349,UN1037,QS0349,舍利弗陀羅尼經,1,1,35,35,
QS0350,UN1034,QS0350,阿難陀目佉尼呵離陀鄰尼經,1,1,35,35,
QS0351,UN1036,QS0351,佛說無量門破魔陀羅尼經,1,1,35,35,
QS0352,UN1031,QS0352,佛說一向出生菩薩經,1,1,35,35,
QS0353,UN1038,QS0353,出生無邊門陀羅尼經,1,1,35,35,
QS0354,UN1410,QS0354,勝幢臂印陀羅尼經,1,1,35,35,
QS0355,UN1411,QS0355,妙臂印幢陀羅尼經,1,1,35,35,
QS0356,UN1389,QS0356,佛說無崖際總持法門經,1,1,35,35,
QS0357,UN1390,QS0357,尊勝菩薩所問一切諸法入無量門陀羅尼經,1,1,35,35,
QS0358,UN1392,QS0358,金剛上味陀羅尼經,1,1,35,35,
QS0359,UN1391,QS0359,金剛場陀羅尼經,1,1,35,35,
QS0360,UN1182,QS0360,虛空藏菩薩問七佛陀羅尼呪經,1,1,35,35,
QS0361,UN1403,QS0361,華積陀羅尼神呪經,1,1,35,35,
QS0362,UN1404,QS0362,師子奮迅菩薩所問經,1,1,35,35,
QS0363,UN1405,QS0363,佛說華聚陀羅尼呪經,1,1,35,35,
QS0364,UN1066,QS0364,六字呪王經,1,1,35,35,
QS0365,UN10672,QS0365,六字神呪王經,1,1,35,35,
QS0366,UN1183,QS0366,如來方便善巧呪經,1,1,35,35,
QS0367,UN1398,QS0367,佛說持句神呪經,1,1,35,35,
QS0368,UN1399,QS0368,佛說陁鄰尼鉢經,1,1,35,35,
QS0369,,QS0369,東方最勝燈王如來遣二菩薩送呪奉釋迦如來護持世間經,1,1,35,35,
QS0370,UN1174,QS0370,善法方便陁羅尼呪經,1,1,35,35,
QS0371,UN11752,QS0371,金剛秘密善門陁羅尼經,1,1,35,35,
QS0372,UN1173,QS0372,護命法門神呪經,1,1,35,35,
QS0373,UN1045,QS0373,無垢淨光大陀羅尼經,1,1,35,35,
QS0374,UN1065,QS0374,請觀世音菩薩消伏毒害陁羅尼呪經,1,1,35,35,
QS0375,UN0824,QS0375,內藏百寶經,1,1,35,35,
QS0376,UN0794,QS0376,溫室洗浴眾僧經,1,1,35,35,
QS0377,UN0361,QS0377,佛說須賴經,1,1,35,35,
QS0378,,QS0378,菩薩道樹經,1,1,35,35,
QS0379,UN0676,QS0379,菩薩生地經,1,1,35,35,
QS0380,UN0697,QS0380,梵女首意經,1,1,35,35,
QS0381,UN0812,QS0381,佛說四不可得經,1,1,35,35,
QS0382,UN0731,QS0382,成具光明定意經,1,1,35,35,
QS0383,UN0606,QS0383,佛說寶網經,1,1,35,35,
QS0384,UN0760,QS0384,大方等如來藏經,1,1,35,35,
QS0385,UN0777,QS0385,佛說諸德福田經,1,1,35,35,
QS0386,UN0849,QS0386,佛語經,1,1,35,35,
QS0387,UN0222,QS0387,金色王經,1,1,35,35,
QS0388,UN0838,QS0388,演道俗業經,1,1,35,35,
QS0389,UN0607,QS0389,百佛名經,1,1,35,35,
QS0390,UN0360,QS0390,佛說須賴經,1,1,35,35,
QS0391,,QS0391,菩薩行五十緣身經,1,1,35,35,
QS0392,UN0362,QS0392,菩薩修行經,1,1,35,35,
QS0393,UN0595,QS0393,稱揚諸佛功德經,3,3,35,35,
QS0394,UN0713,QS0394,須真天子經,2,2,35,35,
QS0395,UN0418,QS0395,摩訶摩耶經,2,2,35,35,
QS0396,UN0805,QS0396,除恐災患經,1,1,35,35,
QS0397,UN0404,QS0397,觀世音菩薩得大勢菩薩受記經,1,1,35,35,
QS0398,UN0823,QS0398,佛說孛經抄,1,1,36,36,
QS0399,UN0718,QS0399,佛說海龍王經,4,4,36,36,
QS0400,UN0742,QS0400,佛說首楞嚴三昧經,3,3,36,36,
QS0401,UN0308,QS0401,佛說觀普賢菩薩行法經,1,1,36,36,
QS0402,UN1199,QS0402,佛說觀藥王藥上二菩薩經,1,1,36,36,
QS0403,UN0654,QS0403,不思議光菩薩所說經,1,1,36,36,
QS0404,UN0341,QS0404,十住斷結經,14,14,36,36,
QS0405,UN0827,QS0405,諸佛要集經,2,2,36,36,
QS0406,UN0806,QS0406,佛說未曾有因緣經,2,2,36,36,
QS0407,UN0755,QS0407,菩薩瓔珞經,13,13,36,37,
QS0408,UN0738,QS0408,超日明三昧經,2,2,37,37,
QS0409,UN0594,QS0409,賢劫經,10,10,37,37,
QS0410,UN1387,QS0410,大法炬陀羅尼經,20,20,37,37,
QS0411,UN1388,QS0411,大威德陀羅尼經,20,20,37,37,
QS0412,UN0610,QS0412,佛說佛名經,12,12,38,38,
QS0413,UN0614,QS0413,三劫三千佛名經,3,3,38,38,
QS0414,UN0613,QS0414,五千五百佛名神呪除障滅罪經,8,8,38,38,
QS0415,UN0608,QS0415,佛說不思議功德諸佛所護念經,2,2,38,38,
QS0416,UN0756,QS0416,佛說華手經,10,10,38,38,
QS0417,UN1386,QS0417,大方等陀羅尼經,4,4,38,38,
QS0418,UN0465,QS0418,僧伽吒經,4,4,38,38,
QS0419,UN0747,QS0419,力莊嚴三昧經,3,3,38,38,
QS0420,UN0857,QS0420,大方廣圓覺修多羅了義經,1,1,38,38,
QS0421,UN0743,QS0421,觀佛三昧海經,10,10,39,39,
QS0422,UN0216,QS0422,大方便佛報恩經,7,7,39,39,
QS0423,UN0215,QS0423,菩薩本行經,3,3,39,39,
QS0424,UN0807,QS0424,法集經,6,6,39,39,
QS0425,UN0749,QS0425,觀察諸法行經,4,4,39,39,
QS0426,UN0419,QS0426,菩薩處胎經,5,5,39,39,
QS0427,UN0735,QS0427,弘道廣顯三昧經,4,4,39,39,
QS0428,UN0795,QS0428,佛說施燈功德經,1,1,39,39,
QS0429,UN0139,QS0429,央掘魔羅經,4,4,39,39,
QS0430,UN0655,QS0430,無所有菩薩經,4,4,39,39,
QS0431,UN0439,QS0431,佛說明度五十校計經,2,2,40,40,
QS0432,UN0420,QS0432,中陰經,2,2,40,40,
QS0433,UN0301,QS0433,大法鼓經,2,2,40,40,
QS0434,UN0636,QS0434,文殊師利所問經,2,2,40,40,
QS0435,UN0651,QS0435,月上女經,2,2,40,40,
QS0436,UN0839,QS0436,大方廣如來秘密藏經,2,2,40,40,
QS0437,UN0775,QS0437,大乘密嚴經,3,3,40,40,
QS0438,UN0854,QS0438,占察善惡業報經,2,2,40,40,
QS0439,UN0421,QS0439,佛說蓮華面經,2,2,40,40,
QS0440,UN0629,QS0440,文殊師利問菩薩署經,1,1,40,40,
QS0441,UN0786,QS0441,大乘造像功德經,2,2,40,40,
QS0442,UN10272,QS0442,廣大寶樓閣善住秘密陀羅尼經,3,3,40,40,
QS0443,UN0968,QS0443,一字佛頂輪王經,6,6,40,40,
QS0444,UN1222,QS0444,大陀羅尼末法中一字心呪經,1,1,40,40,
QS0445,UN0962,QS0445,大佛頂如來密因修證了義諸菩薩萬行首楞嚴經,10,10,40,40,
QS0446,UN0865,QS0446,大毗盧遮那成佛神變加持經,7,7,40,40,
QS0447,UN09141,QS0447,蘇婆呼童子經,3,3,40,40,
QS0448,UN09111,QS0448,蘇悉地羯羅經,3,3,41,41,
QS0449,UN1028,QS0449,牟梨曼陀羅呪經,1,1,41,41,
QS0450,UN0884,QS0450,金剛頂瑜伽中略出念誦經,4,4,41,41,
QS0451,UN1382,QS0451,七佛所說神呪經,4,4,41,41,
QS0452,UN1383,QS0452,大吉義神呪經,2,2,41,41,
QS0453,UN1226,QS0453,文殊師利寶藏陀羅尼經,1,1,41,41,
QS0454,UN10481,QS0454,金剛光焰止風雨陀羅尼經,1,1,41,41,
QS0455,UN1278,QS0455,阿吒婆拘鬼神大將上佛陀羅尼神呪經,1,1,41,41,
QS0456,UN1414,QS0456,佛說大普賢陀羅尼經,1,1,41,41,
QS0457,UN1415,QS0457,佛說大七寶陀羅尼經,1,1,41,41,
QS0458,UN1068,QS0458,六字大陀羅尼呪經,1,1,41,41,
QS0459,UN1440,QS0459,佛說安宅神呪經,1,1,41,41,
QS0460,UN14252,QS0460,幻師颰陀神呪經,1,1,41,41,
QS0461,UN1452,QS0461,佛說辟除賊害呪經,1,1,41,41,
QS0462,UN1374,QS0462,佛說呪時氣病經,1,1,41,41,
QS0463,UN1375,QS0463,佛說呪齒經,1,1,41,41,
QS0464,UN1376,QS0464,佛說呪目經,1,1,41,41,
QS0465,UN1377,QS0465,佛說呪小兒經,1,1,41,41,
QS0466,UN0403,QS0466,阿彌陀鼓音聲王陀羅尼經,1,1,41,41,
QS0467,UN1439,QS0467,佛說摩尼羅亶經,1,1,41,41,
QS0468,UN10491,QS0468,佛說護諸童子陀羅尼呪經,1,1,41,41,
QS0469,UN0936,QS0469,諸佛心陀羅尼經,1,1,41,41,
QS0470,UN1441,QS0470,拔濟苦難陀羅尼經,1,1,41,41,
QS0471,UN1412,QS0471,八名普密陀羅尼經,1,1,41,41,
QS0472,UN1200,QS0472,佛說持世陀羅尼經,1,1,41,41,
QS0473,UN1406,QS0473,佛說六門陀羅尼經,1,1,41,41,
QS0474,UN1060,QS0474,清淨觀世音菩薩普賢陀羅尼經,1,1,41,41,
QS0475,UN1437,QS0475,佛說檀持羅麻油述經,1,1,41,41,
QS0476,UN1168,QS0476,諸佛集會陀羅尼經,1,1,41,41,
QS0477,UN1444,QS0477,佛說智炬陀羅尼經,1,1,41,41,
QS0478,UN1192,QS0478,佛說隨求即得大自在陀羅尼神呪經,1,1,41,41,
QS0479,UN14161,QS0479,百千印陀羅尼經,1,1,41,41,
QS0480,UN1355,QS0480,佛說救面然餓鬼陀羅尼神呪經,1,1,41,41,
QS0481,UN1422,QS0481,莊嚴王陀羅尼呪經,1,1,41,41,
QS0482,UN1196,QS0482,香王菩薩陀羅尼呪經,1,1,41,41,
QS0483,UN1442,QS0483,佛說拔除罪障呪王經,1,1,41,41,
QS0484,UN1421,QS0484,佛說一切功德莊嚴王經,1,1,41,41,
QS0485,UN1180,QS0485,虛空藏菩薩能滿諸願最勝心陀羅尼求聞持法,1,1,41,41,
QS0486,UN1409,QS0486,佛說善夜經,1,1,41,41,
QS0487,UN1212,QS0487,金剛頂經曼殊室利菩薩五字心陀羅尼品,1,1,41,41,
QS0488,UN1119,QS0488,觀自在如意輪菩薩瑜伽法要,1,1,41,41,
QS0489,UN0774,QS0489,佛說佛地經,1,1,41,41,
QS0490,UN0424,QS0490,佛遺教經,1,1,41,41,
QS0491,UN0852,QS0491,出生菩提心經,1,1,41,41,
QS0492,UN0722,QS0492,佛說佛印三昧經,1,1,41,41,
QS0493,UN0640,QS0493,文殊師利般涅槃經,1,1,41,41,
QS0494,UN0183,QS0494,異出菩薩本起經,1,1,41,41,
QS0495,UN0699,QS0495,佛說賢首經,1,1,41,41,
QS0496,UN0615,QS0496,千佛因緣經,1,1,41,41,
QS0497,UN0229,QS0497,佛說月明菩薩經,1,1,41,41,
QS0498,UN0698,QS0498,佛說心明經,1,1,41,41,
QS0499,UN0602,QS0499,佛說滅十方冥經,1,1,41,41,
QS0500,UN0242,QS0500,佛說鹿母經,1,1,41,41,
QS0501,UN0714,QS0501,佛說魔逆經,1,1,41,41,
QS0502,UN0230,QS0502,佛說賴吒和羅所問德光太子經,1,1,41,41,
QS0503,UN0715,QS0503,商主天子所問經,1,1,41,41,
QS0504,UN0842,QS0504,諸法最上王經,1,1,41,41,
QS0505,UN0816,QS0505,大乘四法經,1,1,41,41,
QS0506,UN0657,QS0506,離垢慧菩薩所問禮佛法經,1,1,41,41,
QS0507,UN0748,QS0507,寂照神變三摩地經,1,1,41,41,
QS0508,UN0792,QS0508,佛說造塔功德經,1,1,41,41,
QS0509,UN0762,QS0509,佛說不增不減經,1,1,41,41,
QS0510,UN0702,QS0510,佛說堅固女經,1,1,41,41,
QS0511,UN0703,QS0511,佛說大乘流轉諸有經,1,1,41,41,
QS0512,UN0237,QS0512,佛說大意經,1,1,41,41,
QS0513,UN0605,QS0513,受持七佛名號所生功德經,1,1,41,41,
QS0514,UN0721,QS0514,佛為海龍王說法印經,1,1,41,41,
QS0515,UN0793,QS0515,右遶佛塔功德經,1,1,41,41,
QS0516,UN0426,QS0516,般泥洹後灌臘經,1,1,41,41,
QS0517,UN0223,QS0517,妙色王因緣經,1,1,41,41,
QS0518,UN0224,QS0518,佛說師子素馱娑王斷肉經,1,1,41,41,沒有經名，請核對原文。
QS0519,UN0701,QS0519,差摩婆帝受記經,1,1,41,41,
QS0520,UN0656,QS0520,師子莊嚴王菩薩請問經,1,1,41,41,
QS0521,UN0696,QS0521,有德女所問大乘經,1,1,41,41,
QS0522,UN0425,QS0522,佛臨涅槃記法住經,1,1,41,41,
QS0523,UN0600,QS0523,佛說八部佛名經,1,1,41,41,
QS0524,UN0817,QS0524,菩薩內習六波羅蜜經,1,1,41,41,
QS0525,UN0232,QS0525,菩薩投身飼餓虎起塔因緣經,1,1,41,41,
QS0526,UN0744,QS0526,金剛三昧本性清淨不壞不滅經,1,1,41,41,
QS0527,UN0236,QS0527,佛說師子月佛本生經,1,1,41,41,
QS0528,UN0700,QS0528,佛說長者法志妻經,1,1,41,41,
QS0529,UN0670,QS0529,佛說薩羅國經,1,1,41,41,
QS0530,UN0601,QS0530,佛說十吉祥經,1,1,41,41,
QS0531,UN0707,QS0531,長者女菴提遮師子吼了義經,1,1,41,41,
QS0532,UN0243,QS0532,一切智光明仙人慈心因緣不食肉經,1,1,41,41,
QS0533,UN0304,QS0533,金剛三昧經,2,2,41,41,
QS0534,UN0431,QS0534,佛說法滅盡經,1,1,41,41,
QS0535,UN0843,QS0535,佛說甚深大迴向經,1,1,41,41,
QS0536,UN0717,QS0536,天王太子辟羅經,1,1,41,41,
QS0537,UN0706,QS0537,優婆夷淨行法門經,2,2,41,41,
QS0538,UN0048,QS0538,八大人覺經,1,1,42,42,
QS0539,UN0809,QS0539,佛說三品弟子經,1,1,42,42,
QS0540,UN0811,QS0540,佛說四輩經,1,1,42,42,
QS0541,UN0430,QS0541,佛說當來變經,1,1,42,42,
QS0542,UN0240,QS0542,過去佛分衛經,1,1,42,42,
QS0543,UN0819,QS0543,佛說十二頭陀經,1,1,42,42,
QS0544,UN0681,QS0544,佛說樹提伽經,1,1,42,42,
QS0545,UN0221,QS0545,佛說長壽王經,1,1,42,42,
QS0546,UN0837,QS0546,佛說法常住經,1,1,42,42,
QS0547,UN1651,QS0547,菩薩地持經,8,8,42,42,
QS0548,UN16521,QS0548,菩薩善戒經,9,9,42,42,
QS0549,UN16522,QS0549,菩薩善戒經,1,1,42,42,
QS0550,UN1561,QS0550,佛說淨業障經,1,1,42,42,
QS0551,UN1545,QS0551,佛說梵網經,2,2,42,42,
QS0552,UN1547,QS0552,佛說受十善戒經,1,1,42,42,
QS0553,UN1549,QS0553,優婆塞戒經,7,7,42,42,
QS0554,UN1546,QS0554,菩薩瓔珞本業經,2,2,42,42,
QS0555,UN1567,QS0555,菩薩戒本,1,1,42,42,
QS0556,UN1568,QS0556,菩薩戒本經,1,1,42,42,
QS0557,UN1566,QS0557,菩薩戒羯磨文,1,1,42,42,
QS0558,UN1550,QS0558,佛藏經,4,4,42,42,
QS0559,UN1548,QS0559,佛說菩薩內戒經,1,1,42,42,
QS0560,UN1569,QS0560,優婆塞五戒威儀經,1,1,42,42,
QS0561,UN1553,QS0561,佛說文殊師利淨律經,1,1,42,42,
QS0562,UN1552,QS0562,清淨毗尼方廣經,1,1,42,42,
QS0563,UN1554,QS0563,寂調音所問經,1,1,42,42,
QS0564,UN1560,QS0564,大乘三聚懺悔經,1,1,42,42,
QS0565,UN1571,QS0565,菩薩五法懺悔經,1,1,42,42,
QS0566,UN1558,QS0566,菩薩藏經,1,1,42,42,
QS0567,UN1557,QS0567,三曼陀颰陀羅菩薩經,1,1,42,42,
QS0568,UN1570,QS0568,菩薩受齋經,1,1,42,42,
QS0569,UN1559,QS0569,舍利弗悔過經,1,1,42,42,
QS0570,UN1556,QS0570,佛說文殊悔過經,1,1,43,43,
QS0571,UN1551,QS0571,法律三昧經,1,1,43,43,
QS0572,UN0719,QS0572,十善業道經,1,1,43,43,
QS0573,UN1576,QS0573,大智度論,100,100,43,45,
QS0574,UN1589,QS0574,十地經論,12,12,45,45,
QS0575,UN1592,QS0575,彌勒菩薩所問經論,7,7,45,45,
QS0576,UN1590,QS0576,大寶積經論,4,4,45,45,
QS0577,UN1593,QS0577,寶髻經四法優波提舍,1,1,45,45,
QS0578,UN1597,QS0578,佛地經論,7,7,46,46,
QS0579,UN15772,QS0579,金剛般若波羅蜜經論,3,3,46,46,
QS0580,UN1581,QS0580,能斷金剛般若波羅蜜多經論頌,1,1,46,46,
QS0581,UN1579,QS0581,金剛般若波羅蜜經論,3,3,46,46,
QS0582,UN1580,QS0582,能斷金剛般若波羅蜜多經論釋,3,3,46,46,
QS0583,UN2420,QS0583,略明般若末後一頌讚述,1,1,46,46,
QS0584,UN1582,QS0584,金剛般若波羅蜜經破取著不壞假名論,2,2,46,46,
QS0585,UN1598,QS0585,文殊師利菩薩問菩提經論,2,2,46,46,
QS0586,UN15872,QS0586,妙法蓮華經論優波提舍,2,2,46,46,
QS0587,UN1586,QS0587,妙法蓮華經優波提舍,2,2,46,46,
QS0588,UN1599,QS0588,勝思惟梵天所問經論,3,3,46,46,
QS0589,UN1596,QS0589,遺教經論,1,1,46,46,
QS0590,UN1594,QS0590,大般涅槃經論,1,1,46,46,
QS0591,UN1595,QS0591,涅槃經本有今無偈論,1,1,46,46,
QS0592,UN1591,QS0592,無量壽經優波提舍願生偈,1,1,46,46,
QS0593,UN1600,QS0593,轉法輪經優波提舍,1,1,46,46,
QS0594,UN1601,QS0594,三具足經優波提舍,1,1,46,46,
QS0595,UN1649,QS0595,瑜伽師地論,100,100,46,48,
QS0596,UN1672,QS0596,顯揚聖教論,20,20,48,49,
QS0597,UN1675,QS0597,大乘阿毗達磨集論,7,7,49,49,
QS0598,UN1685,QS0598,王法正理論,1,1,49,49,
QS0599,UN1650,QS0599,瑜伽師地論釋,1,1,49,49,
QS0600,UN1673,QS0600,顯揚聖教論頌,1,1,49,49,
QS0601,UN1676,QS0601,大乘阿毗達磨雜集論,16,16,49,49,
QS0602,UN1633,QS0602,中論,4,4,49,49,
QS0603,,QS0603,般若燈論,15,15,49,49,
QS0604,UN1638,QS0604,十二門觀論,1,1,50,50,
QS0605,UN1686,QS0605,十八空論,1,1,50,50,
QS0606,UN1639,QS0606,百論,2,2,50,50,
QS0607,UN1640,QS0607,廣百論本,1,1,50,50,
QS0608,UN1641,QS0608,廣百論釋論,10,10,50,50,
QS0609,UN1588,QS0609,十住毗婆沙論,15,15,50,50,
QS0610,UN1730,QS0610,菩提資糧論,6,6,50,50,
QS0611,UN1674,QS0611,大乘莊嚴經論,13,13,50,51,
QS0612,UN0195,QS0612,大莊嚴經論,15,15,51,51,
QS0613,UN1635,QS0613,順中論,2,2,51,51,
QS0614,UN1664,QS0614,攝大乘論,3,3,51,51,
QS0615,UN1662,QS0615,攝大乘論,2,2,51,51,
QS0616,UN1663,QS0616,攝大乘論本,3,3,51,51,
QS0617,UN1666,QS0617,攝大乘論釋,15,15,51,51,
QS0618,UN1667,QS0618,攝大乘論釋,10,10,52,52,
QS0619,UN1665,QS0619,攝大乘論釋,10,10,52,52,
QS0620,UN1668,QS0620,攝大乘論釋,10,10,52,52,
QS0621,UN1680,QS0621,佛性論,4,4,52,52,
QS0622,UN1653,QS0622,決定藏論,3,3,52,52,
QS0623,UN1671,QS0623,辯中邊論頌,1,1,52,52,
QS0624,UN1670,QS0624,中邊分別論,2,2,52,52,
QS0625,UN1669,QS0625,辯中邊論,3,3,52,52,
QS0626,UN1681,QS0626,究竟一乘寶性論,5,5,52,52,
QS0627,UN1679,QS0627,業成就論,1,1,53,53,
QS0628,UN1678,QS0628,大乘成業論,1,1,53,53,
QS0629,UN1718,QS0629,因明正理門論本,1,1,53,53,
QS0630,UN1719,QS0630,因明正理門論,1,1,53,53,
QS0631,UN1720,QS0631,因明入正理論,1,1,53,53,
QS0632,UN1656,QS0632,顯識論,1,1,53,53,
QS0633,UN1657,QS0633,轉識論,1,1,53,53,
QS0634,UN1658,QS0634,唯識論,1,1,53,53,請核對原經文，是否有3個版本？
QS0635,UN1659,QS0635,大乘唯識論,1,1,53,53,
QS0636,UN1660,QS0636,唯識二十論,1,1,53,53,
QS0637,UN1661,QS0637,成唯識寶生論,5,5,53,53,
QS0638,UN1655,QS0638,唯識三十論,1,1,53,53,
QS0639,UN1654,QS0639,成唯識論,10,10,53,53,
QS0640,UN1647,QS0640,大丈夫論,2,2,53,53,
QS0641,UN1724,QS0641,入大乘論,2,2,53,53,
QS0642,UN1648,QS0642,大乘掌珍論,2,2,53,53,
QS0643,UN1683,QS0643,大乘廣五蘊論,1,1,53,53,
QS0644,UN1682,QS0644,大乘五蘊論,1,1,53,53,
QS0645,UN1715,QS0645,寶行王正論,1,1,53,53,
QS0646,UN1736,QS0646,大乘起信論,1,1,53,53,
QS0647,UN1737,QS0647,大乘起信論,2,2,53,53,
QS0648,UN1729,QS0648,發菩提心論,2,2,53,53,
QS0649,UN1687,QS0649,三無性論,2,2,53,53,
QS0650,UN1722,QS0650,方便心論,1,1,53,53,
QS0651,UN1723,QS0651,如實論,1,1,53,53,
QS0652,UN1692,QS0652,無相思塵論,1,1,53,53,
QS0653,UN1693,QS0653,觀所緣緣論,1,1,53,53,
QS0654,UN1694,QS0654,觀所緣論釋,1,1,53,53,
QS0655,UN1721,QS0655,迴諍論,1,1,53,53,
QS0656,UN1711,QS0656,緣生論,1,1,53,53,
QS0657,UN1710,QS0657,十二因緣論,1,1,53,53,
QS0658,UN1643,QS0658,壹輸盧迦論,1,1,53,53,
QS0659,UN1684,QS0659,大乘百法明門論,1,1,53,53,
QS0660,UN1642,QS0660,百字論,1,1,53,53,
QS0661,UN1689,QS0661,解拳論,1,1,53,53,
QS0662,UN1688,QS0662,掌中論,1,1,53,53,
QS0663,UN1690,QS0663,取因假設論,1,1,53,53,
QS0664,UN1691,QS0664,觀總相論頌,1,1,53,53,
QS0665,UN1714,QS0665,止觀門論頌,1,1,53,53,
QS0666,UN1716,QS0666,手杖論,1,1,53,53,
QS0667,UN1677,QS0667,六門教授習定論,1,1,53,53,
QS0668,UN1696,QS0668,大乘法界無差別論,1,1,53,53,
QS0669,UN1698,QS0669,提婆菩薩破楞伽經中外道小乘四宗論,1,1,53,53,
QS0670,UN1699,QS0670,提婆菩薩破楞伽經中外道小乘涅槃論,1,1,53,53,
QS0671,UN0001,QS0671,佛說長阿含經,22,22,53,54,
QS0672,UN0028,QS0672,中阿含經,60,60,54,55,
QS0673,UN0144,QS0673,增壹阿含經,50,50,55,56,
QS0674,UN0102,QS0674,雜阿含經,50,50,56,57,
QS0675,UN0103,QS0675,別譯雜阿含經,20,20,58,58,
QS0676,UN0005,QS0676,佛般泥洹經,2,2,58,58,
QS0677,UN0006,QS0677,佛說方等泥洹經,2,2,58,58,
QS0678,UN0007,QS0678,大般涅槃經,3,3,58,58,
QS0679,UN0015,QS0679,佛說人本欲生經,1,1,58,58,
QS0680,UN0022,QS0680,佛說梵志阿颰經,1,1,58,58,
QS0681,UN0023,QS0681,佛說梵網六十二見經,1,1,58,58,
QS0682,UN0018,QS0682,佛說屍迦羅越六方禮經,1,1,58,58,
QS0683,UN0024,QS0683,佛說寂志果經,1,1,58,58,
QS0684,UN0026,QS0684,起世經,10,10,58,58,
QS0685,UN0027,QS0685,起世因本經,10,10,58,59,
QS0686,UN0025,QS0686,樓炭經,6,6,59,59,
QS0687,UN0014,QS0687,長阿含十報法經,2,2,59,59,
QS0688,UN0190,QS0688,中本起經,2,2,59,59,
QS0689,UN0029,QS0689,佛說七知經,1,1,59,59,
QS0690,UN0031,QS0690,佛說鹹水喻經,1,1,59,59,
QS0691,UN0033,QS0691,佛說一切流攝守因經,1,1,59,59,
QS0692,UN0034,QS0692,佛說四諦經,1,1,59,59,
QS0693,UN0035,QS0693,佛說恒水經,1,1,59,59,
QS0694,UN0038,QS0694,佛說本相倚致經,1,1,59,59,
QS0695,UN0039,QS0695,佛說緣本致經,1,1,59,59,
QS0696,UN0041,QS0696,佛說頂生王故事經,1,1,59,59,
QS0697,UN0042,QS0697,佛說文陀竭王經,1,1,59,59,
QS0698,UN0045,QS0698,佛說閻羅王五天使者經,1,1,59,59,
QS0699,UN0044,QS0699,佛說鐵城泥犂經,1,1,59,59,
QS0700,UN0046,QS0700,佛說古來世時經,1,1,59,59,
QS0701,UN0047,QS0701,佛說阿那律八念經,1,1,59,59,
QS0702,UN0049,QS0702,佛說離睡經,1,1,59,59,
QS0703,UN0050,QS0703,佛說是法非法經,1,1,59,59,
QS0704,UN0051,QS0704,佛說求欲經,1,1,59,59,
QS0705,UN0052,QS0705,佛說受歲經,1,1,59,59,
QS0706,UN0053,QS0706,佛說梵志計水淨經,1,1,59,59,
QS0707,UN0055,QS0707,佛說苦陰經,1,1,59,59,
QS0708,UN0056,QS0708,佛說釋摩男本經,1,1,59,59,
QS0709,UN0057,QS0709,佛說苦陰因事經,1,1,59,59,
QS0710,UN0058,QS0710,佛說樂想經,1,1,59,59,
QS0711,UN0059,QS0711,佛說漏分佈經,1,1,59,59,
QS0712,UN0060,QS0712,佛說阿耨颰經,1,1,59,59,
QS0713,UN0061,QS0713,佛說諸法本經,1,1,59,59,
QS0714,UN0062,QS0714,佛說瞿曇彌記果經,1,1,59,59,
QS0715,UN0065,QS0715,佛說瞻婆比丘經,1,1,59,59,
QS0716,UN0067,QS0716,佛說伏婬經,1,1,59,59,
QS0717,UN0068,QS0717,佛說魔嬈亂經,1,1,59,59,
QS0718,UN0069,QS0718,佛說弊魔試目連經,1,1,59,59,
QS0719,UN0070,QS0719,佛說賴吒和羅經,1,1,59,59,
QS0720,UN0019,QS0720,佛說善生子經,1,1,59,59,
QS0721,UN0072,QS0721,佛說數經,1,1,59,59,
QS0722,UN0073,QS0722,佛說梵志頞波羅延問種尊經,1,1,59,59,
QS0723,UN0074,QS0723,三歸五戒慈心猒離功德經,1,1,59,59,
QS0724,UN0075,QS0724,佛說須達經,1,1,59,59,
QS0725,UN0077,QS0725,佛為黃竹園老婆羅門說學經,1,1,59,59,
QS0726,UN0078,QS0726,佛說梵摩喻經,1,1,59,59,
QS0727,UN0080,QS0727,佛說尊上經,1,1,59,59,
QS0728,UN0082,QS0728,佛說鸚鵡經,1,1,59,59,
QS0729,UN0081,QS0729,佛說兜調經,1,1,59,59,
QS0730,UN0086,QS0730,佛說意經,1,1,59,59,
QS0731,UN0087,QS0731,佛說應法經,1,1,59,59,
QS0732,UN0091,QS0732,佛說泥犁經,1,1,59,59,
QS0733,UN0093,QS0733,優婆夷墮舍迦經,1,1,59,59,
QS0734,UN0092,QS0734,佛說齋經,1,1,59,59,
QS0735,UN0095,QS0735,佛說鞞摩肅經,1,1,59,59,
QS0736,UN0096,QS0736,佛說婆羅門子命,1,1,59,59,
QS0737,UN0097,QS0737,佛說十支居士八城人經,1,1,59,59,
QS0738,UN0098,QS0738,佛說邪見經,1,1,59,59,
QS0739,UN0099,QS0739,佛說箭喻經,1,1,59,59,
QS0740,UN0101,QS0740,佛說普法義經,1,1,59,59,
QS0741,UN0100,QS0741,佛說廣義法門經,1,1,59,59,
QS0742,UN0135,QS0742,佛說戒德香經,1,1,59,59,
QS0743,UN0148,QS0743,佛說四人出現世間經,1,1,59,59,
QS0744,UN0143,QS0744,佛說波斯匿王太后崩塵土坌身經,1,1,59,59,
QS0745,UN0151,QS0745,須摩提女經,1,1,59,59,
QS0746,UN0154,QS0746,佛說婆羅門避死經,1,1,59,59,
QS0747,UN0155,QS0747,食施獲五福報經,1,1,59,59,
QS0748,UN0157,QS0748,頻婆娑羅王詣佛供養經,1,1,59,59,
QS0749,UN0159,QS0749,佛說長者子六過出家經,1,1,59,59,
QS0750,UN0137,QS0750,佛說鴦崛摩經,1,1,59,59,
QS0751,UN0161,QS0751,佛說力士移山經,1,1,59,59,
QS0752,UN0162,QS0752,佛說四未曾有法經,1,1,59,59,
QS0753,UN0163,QS0753,佛說舍利弗目犍連遊四衢經,1,1,59,59,
QS0754,UN0138,QS0754,鴦崛髻經,1,1,59,59,
QS0755,UN0002,QS0755,七佛父母姓字經,1,1,59,59,
QS0756,UN0164,QS0756,佛說放牛經,1,1,59,59,
QS0757,UN0118,QS0757,緣起經,1,1,59,59,
QS0758,UN0166,QS0758,佛說十一想思念如來經,1,1,59,59,
QS0759,UN0167,QS0759,佛說四泥犂經,1,1,59,59,
QS0760,UN0168,QS0760,阿那邠邸化七子經,1,1,59,59,
QS0761,UN0172,QS0761,佛說大愛道般涅槃經,1,1,59,59,
QS0762,UN0173,QS0762,佛母般泥洹經,1,1,59,59,
QS0763,UN0174,QS0763,舍衛國王夢見十事經,1,1,59,59,
QS0764,UN0176,QS0764,佛說國王不黎先尼十夢經,1,1,59,59,
QS0765,UN0158,QS0765,阿難同學經,1,1,59,59,
QS0766,UN0105,QS0766,佛說五蘊皆空經,1,1,59,59,
QS0767,UN0106,QS0767,佛說七處三觀經,2,2,59,59,
QS0768,UN0108,QS0768,佛說聖法印經,1,1,59,59,
QS0769,UN0104,QS0769,雜阿含經,1,1,59,59,
QS0770,UN0111,QS0770,五陰譬喻經,1,1,59,59,
QS0771,UN0112,QS0771,佛說水沫所飄經,1,1,59,59,
QS0772,UN0114,QS0772,佛說不自守意經,1,1,59,59,
QS0773,UN0119,QS0773,佛說滿願子經,1,1,59,59,
QS0774,UN4105,QS0774,轉法輪經,1,1,59,59,
QS0775,UN0122,QS0775,佛說三轉法輪經,1,1,59,59,
QS0776,UN0130,QS0776,佛說八正道經,1,1,59,59,
QS0777,UN0132,QS0777,佛說馬有三相經,1,1,59,59,
QS0778,UN0133,QS0778,佛說馬有八態譬人經,1,1,59,59,
QS0779,UN0124,QS0779,佛說相應相可經,1,1,59,59,
QS0780,UN0131,QS0780,難提釋經,1,1,59,59,
QS0781,UN0520,QS0781,治禪病秘要法經,2,2,59,59,
QS0782,UN0502,QS0782,摩鄧女經,1,1,59,59,
QS0783,UN0503,QS0783,摩登女解形中六事經,1,1,59,59,
QS0784,UN1341,QS0784,摩登伽經,3,3,59,59,
QS0785,UN1342,QS0785,舍頭諫經,1,1,59,59,
QS0786,UN0553,QS0786,鬼問目連經,1,1,59,59,
QS0787,UN0552,QS0787,雜藏經,1,1,59,59,
QS0788,UN0554,QS0788,餓鬼報應經,1,1,59,59,
QS0789,UN0467,QS0789,阿難問事佛吉凶經,1,1,59,59,
QS0790,UN0468,QS0790,慢法經,1,1,59,59,
QS0791,UN0469,QS0791,阿難分別經,1,1,59,59,
QS0792,UN0506,QS0792,五母子經,1,1,59,59,
QS0793,UN0507,QS0793,沙彌羅經,1,1,59,59,
QS0794,UN0170,QS0794,玉耶經,1,1,59,59,
QS0795,UN0169,QS0795,玉耶女經,1,1,59,59,
QS0796,UN0171,QS0796,阿遬達經,1,1,59,59,
QS0797,UN0181,QS0797,修行本起經,2,2,59,59,
QS0798,UN0182,QS0798,太子瑞應本起經,2,2,59,59,
QS0799,UN0180,QS0799,過去現在因果經,4,4,60,60,
QS0800,UN0036,QS0800,法海經,1,1,60,60,
QS0801,UN0037,QS0801,海八德經,1,1,60,60,
QS0802,UN0579,QS0802,四十二章經,1,1,60,60,
QS0803,UN0504,QS0803,佛說柰女耆域因緣經,1,1,60,60,
QS0804,UN0544,QS0804,佛說罪業報應教化地獄經,1,1,60,60,
QS0805,UN0517,QS0805,佛說龍王兄弟經,1,1,60,60,
QS0806,UN0493,QS0806,長者音悅經,1,1,60,60,
QS0807,UN0505,QS0807,佛說柰女耆婆經,1,1,60,60,
QS0808,UN0519,QS0808,禪秘要法經,3,3,60,60,
QS0809,UN0508,QS0809,佛說七女經,1,1,60,60,
QS0810,UN0513,QS0810,佛說八師經,1,1,60,60,
QS0811,UN0494,QS0811,佛說越難經,1,1,60,60,
QS0812,UN0559,QS0812,佛說所欲致患經,1,1,60,60,
QS0813,UN0482,QS0813,佛說阿闍世王問五逆經,1,1,60,60,
QS0814,UN0562,QS0814,佛說五苦章句經,1,1,60,60,
QS0815,UN0556,QS0815,佛說堅意經,1,1,60,60,
QS0816,UN0483,QS0816,佛說淨飯王般涅槃經,1,1,60,60,
QS0817,UN0586,QS0817,佛說進學經,1,1,60,60,
QS0818,UN0580,QS0818,得道梯隥錫杖經,1,1,60,60,
QS0819,,QS0819,佛說持錫杖法經,1,1,60,60,
QS0820,UN0511,QS0820,佛說貧窮老公經,1,1,60,60,
QS0821,UN0152,QS0821,佛說三摩竭經,1,1,60,60,
QS0822,UN0079,QS0822,佛說蓱沙王五願經,1,1,60,60,
QS0823,UN0156,QS0823,琉璃王經,1,1,60,60,
QS0824,UN0179,QS0824,生經,5,5,60,60,
QS0825,UN0192,QS0825,佛說義足經,2,2,60,60,
QS0826,UN0542,QS0826,正法念處經,70,70,60,61,
QS0827,UN0184,QS0827,佛本行集經,60,60,62,62,
QS0828,UN0577,QS0828,本事經,7,7,63,63,
QS0829,UN0191,QS0829,佛說興起行經,2,2,63,63,
QS0830,UN0083,QS0830,佛為首迦長者說業報差別經,1,1,63,63,
QS0831,UN0518,QS0831,佛說大安般守意經,2,2,63,63,
QS0832,UN0555,QS0832,佛說罵意經,1,1,63,63,
QS0833,UN0523,QS0833,禪行法想經,1,1,63,63,
QS0834,UN0550,QS0834,佛說處處經,1,1,63,63,
QS0835,UN0549,QS0835,佛說分別善惡所起經,1,1,63,63,
QS0836,UN0581,QS0836,佛說出家緣經,1,1,63,63,
QS0837,UN0178,QS0837,佛說阿含正行經,1,1,63,63,
QS0838,UN0551,QS0838,佛說地獄眾生相害十八泥犁經,1,1,63,63,
QS0839,UN0582,QS0839,佛說法受塵經,1,1,63,63,
QS0840,UN0492,QS0840,須摩提長者經,1,1,63,63,
QS0841,UN0490,QS0841,長者子懊惱三處經,1,1,63,63,
QS0842,UN0480,QS0842,犍陀國王經,1,1,63,63,
QS0843,UN0470,QS0843,阿難四事經,1,1,63,63,
QS0844,UN0560,QS0844,分別經,1,1,63,63,
QS0845,UN0481,QS0845,未生怨經,1,1,63,63,
QS0846,UN0557,QS0846,四願經,1,1,63,63,
QS0847,UN0208,QS0847,猘狗經,1,1,63,63,
QS0848,UN0094,QS0848,八關齋經,1,1,63,63,
QS0849,UN0537,QS0849,孝子經,1,1,63,63,
QS0850,UN0512,QS0850,黑氏梵志經,1,1,63,63,
QS0851,UN0491,QS0851,阿鳩留經,1,1,63,63,
QS0852,,QS0852,佛為阿支羅迦葉自化作苦經,1,1,63,63,
QS0853,UN0521,QS0853,陰持入經,2,2,63,63,
QS0854,UN0193,QS0854,五百弟子自說本起經,1,1,63,63,
QS0855,UN0472,QS0855,佛說大迦葉本經,1,1,63,63,
QS0856,UN0558,QS0856,佛說四自侵經,1,1,63,63,
QS0857,UN0475,QS0857,佛說羅雲忍辱經,1,1,63,63,
QS0858,UN0477,QS0858,佛為年少比丘說正事經,1,1,63,63,
QS0859,UN0476,QS0859,佛說沙曷比丘功德經,1,1,63,63,
QS0860,UN0584,QS0860,佛說時非時經,1,1,63,63,
QS0861,UN0563,QS0861,佛說自愛經,1,1,63,63,
QS0862,UN0564,QS0862,佛說中心經,1,1,63,63,
QS0863,UN0479,QS0863,佛說見正經,1,1,63,63,
QS0864,UN0209,QS0864,佛說大魚事經,1,1,63,63,
QS0865,UN0471,QS0865,佛說阿難七夢經,1,1,63,63,
QS0866,UN0495,QS0866,佛說呵鵰阿那含經,1,1,63,63,
QS0867,UN0538,QS0867,佛說燈指因緣經,1,1,63,63,
QS0868,UN0509,QS0868,佛說婦人遇辜經,1,1,63,63,
QS0869,UN0141,QS0869,佛說四天王經,1,1,63,63,
QS0870,UN0473,QS0870,佛說摩訶迦葉度貧母經,1,1,63,63,
QS0871,UN0569,QS0871,佛說十二品生死經,1,1,63,63,
QS0872,UN0565,QS0872,佛說輪轉五道罪福報應經,1,1,63,63,
QS0873,UN05681,QS0873,佛說五無反復經,1,1,63,63,
QS0874,UN05682,QS0874,佛說五無反復經,1,1,63,63,
QS0875,UN0497,QS0875,佛說佛大僧大經,1,1,63,63,
QS0876,UN0498,QS0876,佛說耶祇經,1,1,63,63,
QS0877,UN0484,QS0877,佛說末羅王經,1,1,63,63,
QS0878,UN0486,QS0878,佛說摩達國王經,1,1,63,63,
QS0879,UN0485,QS0879,佛說旃陀越國王經,1,1,63,63,
QS0880,UN1542,QS0880,佛說五恐怖世經,1,1,63,63,
QS0881,UN0590,QS0881,佛說弟子死復生經,1,1,63,63,
QS0882,UN0591,QS0882,佛說懈怠耕者經,1,1,63,63,
QS0883,UN0683,QS0883,佛說辯意長者子所問經,1,1,63,63,
QS0884,UN0510,QS0884,無垢優婆夷問經,1,1,63,63,
QS0885,UN0578,QS0885,佛說賢者五福德經,1,1,63,63,
QS0886,UN0515,QS0886,天請問經,1,1,63,63,
QS0887,UN0566,QS0887,佛說護淨經,1,1,63,63,
QS0888,UN0593,QS0888,佛說木槵經,1,1,63,63,
QS0889,UN0147,QS0889,佛說無上處經,1,1,63,63,
QS0890,UN0567,QS0890,佛說因緣僧護經,1,1,63,63,
QS0891,UN0496,QS0891,盧至長者因緣經,1,1,63,63,
QS0892,UN0489,QS0892,佛說五王經,1,1,63,63,
QS0893,UN0539,QS0893,佛說出家功德經,1,1,63,63,
QS0894,UN0588,QS0894,佛說栴檀樹經,1,1,63,63,
QS0895,UN0561,QS0895,佛說頞多和多耆經,1,1,63,63,
QS0896,UN0488,QS0896,佛說普達王經,1,1,63,63,
QS0897,UN0427,QS0897,佛滅度後棺歛葬送經,1,1,63,63,
QS0898,UN1303,QS0898,佛說鬼子母經,1,1,63,63,
QS0899,UN0487,QS0899,佛說梵摩難國王經,1,1,63,63,
QS0900,UN0054,QS0900,佛說孫多耶致經,1,1,63,63,
QS0901,UN0536,QS0901,佛說父母恩難報經,1,1,63,63,
QS0902,UN0063,QS0902,佛說新歲經,1,1,63,63,
QS0903,UN0146,QS0903,佛說羣牛譬經,1,1,63,63,
QS0904,UN0107,QS0904,佛說九橫經,1,1,63,63,
QS0905,UN0522,QS0905,佛說禪行三十七品經,1,1,63,63,
QS0906,UN0478,QS0906,比丘避女惡名欲自殺經,1,1,63,63,
QS0907,,QS0907,佛說身觀經,1,1,63,63,
QS0908,UN0129,QS0908,佛說無常經,1,1,63,63,
QS0909,UN0066,QS0909,佛說八無暇有暇經,1,1,63,63,
QS0910,UN0514,QS0910,長爪梵志請問經,1,1,63,63,
QS0911,UN0210,QS0911,佛說譬喻經,1,1,63,63,
QS0912,UN0113,QS0912,佛說比丘聽施經,1,1,63,63,
QS0913,UN0587,QS0913,佛說略教誡經,1,1,63,63,
QS0914,UN1373,QS0914,佛說療痔病經,1,1,63,63,
QS0915,UN1486,QS0915,摩訶僧祇律,40,40,63,64,
QS0916,UN14961,QS0916,十誦律,58,58,64,66,
QS0917,UN14962,QS0917,十誦律毗尼序,3,3,66,66,
QS0918,UN1503,QS0918,根本說一切有部毗柰耶,50,50,66,67,
QS0919,UN1504,QS0919,根本說一切有部苾芻尼毗柰耶,20,20,67,67,
QS0920,UN1512,QS0920,根本說一切有部毗柰耶雜事,40,40,67,68,
QS0921,UN15131,QS0921,根本說一切有部尼陀那,5,5,68,68,
QS0922,UN15132,QS0922,根本說一切有部目得迦,5,5,68,68,
QS0923,UN1482,QS0923,彌沙塞部和醯五分律,30,30,68,69,
QS0924,UN1489,QS0924,四分律藏,60,60,69,71,
QS0925,UN1487,QS0925,波羅提木叉僧祇戒本,1,1,71,71,
QS0926,UN14882,QS0926,比丘尼僧祇律波羅提木叉戒經,1,1,71,71,
QS0927,UN14972,QS0927,十誦律比丘戒本,1,1,71,71,
QS0928,UN14982,QS0928,十誦律比丘尼戒本,1,1,71,71,
QS0929,UN1515,QS0929,根本說一切有部戒經,1,1,71,71,
QS0930,UN1516,QS0930,根本說一切有部苾芻尼戒經,1,1,71,71,
QS0931,UN14832,QS0931,五分戒本,1,1,71,71,
QS0932,UN1484,QS0932,五分比丘尼戒本,1,1,71,71,
QS0933,UN1490,QS0933,四分比丘戒本,1,1,71,71,
QS0934,UN2355,QS0934,四分戒本,1,1,71,71,
QS0935,UN1521,QS0935,解脫戒本經,1,1,71,71,
QS0936,UN14922,QS0936,四分比丘尼戒本,1,1,71,71,
QS0937,UN1532,QS0937,沙彌十戒法並威儀,1,1,71,71,
QS0938,UN1533,QS0938,沙彌威儀,1,1,71,71,
QS0939,UN1536,QS0939,沙彌尼戒文,1,1,71,71,
QS0940,UN1535,QS0940,沙彌尼戒經,1,1,71,71,
QS0941,UN1526,QS0941,舍利弗問經,1,1,71,71,
QS0942,UN1514,QS0942,根本說一切有部百一羯磨,10,10,71,71,
QS0943,UN1499,QS0943,大沙門百一羯磨法,1,1,71,71,
QS0944,UN1500,QS0944,十誦羯磨比丘要用,1,1,71,71,
QS0945,UN1485,QS0945,彌沙塞羯磨本,1,1,71,71,
QS0946,UN1527,QS0946,優波離問佛經,1,1,71,71,
QS0947,UN1493,QS0947,曇無德律部雜羯磨,1,1,71,71,
QS0948,UN1494,QS0948,羯磨,1,1,71,71,
QS0949,UN1495,QS0949,四分比丘尼羯磨法,1,1,71,71,
QS0950,UN23682,QS0950,曇無德部四分律刪補隨機羯磨,2,2,72,72,
QS0951,UN2376,QS0951,四分僧羯磨,3,3,72,72,
QS0952,UN2377,QS0952,尼羯磨,3,3,72,72,
QS0953,UN1539,QS0953,佛說大愛道比丘尼經,2,2,72,72,
QS0954,UN1530,QS0954,佛說迦葉禁戒經,1,1,72,72,
QS0955,UN15291,QS0955,佛說犯戒罪輕重經,1,1,72,72,
QS0956,UN1538,QS0956,佛說戒消災經,1,1,72,72,
QS0957,UN1537,QS0957,佛說優婆塞五戒相經,1,1,72,72,
QS0958,UN1520,QS0958,根本說一切有部毗柰耶頌,3,3,72,72,
QS0959,UN1518,QS0959,根本說一切有部毗柰耶雜事攝頌,1,1,72,72,
QS0960,UN1517,QS0960,根本說一切有部毗柰耶尼陀那目得迦攝頌,1,1,72,72,
QS0961,UN15442,QS0961,佛說目連問戒律中五百輕重事經,1,1,72,72,
QS0962,UN1519,QS0962,根本薩婆多部律攝,14,14,72,72,
QS0963,UN1502,QS0963,薩婆多部毗尼摩得勒伽,10,10,72,73,
QS0964,,QS0964,戒因緣經,10,10,73,73,
QS0965,UN1523,QS0965,善見毗婆沙律,18,18,73,73,
QS0966,UN1543,QS0966,佛阿毗曇經,2,2,73,73,
QS0967,UN1524,QS0967,毗尼母經,8,8,73,73,
QS0968,UN1531,QS0968,大比丘三千威儀,2,2,73,73,
QS0969,UN1501,QS0969,薩婆多毗尼毗婆沙,8,8,74,74,
QS0970,UN1501,QS0970,續薩婆多毗尼毗婆沙,1,1,74,74,
QS0971,UN1522,QS0971,律二十二明瞭論,1,1,74,74,
QS0972,UN1613,QS0972,阿毗曇八犍度論,30,30,74,74,
QS0973,UN1612,QS0973,阿毗達磨發智論,20,20,74,75,
QS0974,UN1606,QS0974,阿毗達磨法蘊足論,12,12,75,75,
QS0975,UN1605,QS0975,阿毗達磨集異門足論,20,20,75,75,2部經同一個編碼
QS0976,UN1608,QS0976,阿毗達磨識身足論,16,16,75,76,
QS0977,UN1609,QS0977,阿毗達磨界身足論,3,3,76,76,
QS0978,UN1610,QS0978,阿毗達磨品類足論,18,18,76,76,
QS0979,UN1611,QS0979,眾事分阿毗曇論,12,12,76,76,
QS0980,UN1615,QS0980,阿毗曇毗婆沙論,82,82,76,78,
QS0981,,QS0981,毗婆沙序,1,1,78,78,
QS0982,UN1614,QS0982,阿毗達磨大毗婆沙論,200,200,78,81,
QS0983,UN1628,QS0983,阿毗達磨俱舍釋論,22,22,81,82,
QS0984,UN1629,QS0984,阿毗達磨俱舍論本頌,1,1,82,82,
QS0985,UN1627,QS0985,阿毗達磨俱舍論,30,30,82,82,
QS0986,UN1631,QS0986,阿毗達磨順正理論,80,80,82,84,
QS0987,UN1632,QS0987,阿毗達磨藏顯宗論,40,40,84,85,
QS0988,UN1619,QS0988,阿毗曇心論,4,4,85,85,
QS0989,UN1619,QS0989,法勝阿毗曇心論,6,6,85,85,
QS0990,UN1621,QS0990,雜阿毗曇心論,11,11,85,85,
QS0991,UN1622,QS0991,阿毗曇甘露味論,2,2,85,85,
QS0992,UN1700,QS0992,隨相論,2,2,85,85,
QS0993,UN1618,QS0993,尊婆須蜜菩薩所集論,10,10,86,86,
QS0994,UN1572,QS0994,三法度論,3,3,86,86,
QS0995,UN1623,QS0995,入阿毗達磨論,2,2,86,86,
QS0996,UN1705,QS0996,成實論,20,20,86,86,
QS0997,UN1703,QS0997,佛說立世阿毗曇論,10,10,86,87,
QS0998,UN1707,QS0998,解脫道論,12,12,87,87,
QS0999,UN1617,QS0999,舍利弗阿毗曇論,22,22,87,87,
QS1000,UN1624,QS1000,五事毗婆沙論,2,2,88,88,
QS1001,UN1616,QS1001,鞞婆沙論,14,14,88,88,
QS1002,UN1708,QS1002,三彌底部論,3,3,88,88,
QS1003,UN1574,QS1003,分別功德論,3,3,88,88,
QS1004,UN1706,QS1004,四諦論,4,4,88,88,
QS1005,UN1709,QS1005,辟支佛因緣論,1,1,88,88,
QS1006,UN3605,QS1006,十八部論,1,1,88,88,
QS1007,UN3606,QS1007,部執異論,1,1,88,88,
QS1008,UN3604,QS1008,異部宗輪論,1,1,88,88,
QS1009,UN0186,QS1009,佛所行讚經,5,5,88,88,
QS1010,UN0187,QS1010,佛本行經,7,7,88,88,
QS1011,UN0194,QS1011,撰集百緣經,10,10,89,89,
QS1012,UN0206,QS1012,出曜經,20,20,89,89,
QS1013,UN0196,QS1013,賢愚因緣經,13,13,89,90,
QS1014,UN0534,QS1014,道地經,1,1,90,90,
QS1015,UN0533,QS1015,修行道地經,8,8,90,90,
QS1016,UN0188,QS1016,僧伽羅剎所集佛行經,5,5,90,90,
QS1017,UN0862,QS1017,大乘修行菩薩行門諸經要集,3,3,90,90,
QS1018,UN0213,QS1018,菩薩本緣經,4,4,90,90,
QS1019,UN0203,QS1019,百喻經,2,2,90,90,
QS1020,UN3652,QS1020,付法藏因緣經,6,6,90,90,
QS1021,UN0525,QS1021,坐禪三昧法門經,2,2,90,90,
QS1022,UN0583,QS1022,佛說佛醫經,1,1,90,90,
QS1023,UN0573,QS1023,惟日雜難經,1,1,90,90,
QS1024,UN0428,QS1024,佛說迦葉赴佛般涅槃經,1,1,90,90,
QS1025,UN0529,QS1025,菩薩呵色欲法,1,1,90,90,
QS1026,UN0813,QS1026,四品學法,1,1,90,90,
QS1027,UN0429,QS1027,佛入涅槃密跡金剛力士哀戀經,1,1,90,90,
QS1028,UN3601,QS1028,佛使比丘迦旃延說法沒盡偈,1,1,90,90,
QS1029,UN0585,QS1029,佛說佛治身經,1,1,90,90,
QS1030,UN0177,QS1030,佛說佛治意經,1,1,90,90,
QS1031,UN0197,QS1031,雜寶藏經,8,8,90,90,
QS1032,UN17401,QS1032,那先比丘經,3,3,90,90,
QS1033,UN0524,QS1033,五門禪經要用法,1,1,91,91,
QS1034,UN0530,QS1034,達摩多羅禪經,2,2,91,91,
QS1035,UN0526,QS1035,禪法要解經,2,2,91,91,
QS1036,,QS1036,禪要呵欲經,1,1,91,91,
QS1037,UN0531,QS1037,內身觀章句經,1,1,91,91,
QS1038,UN0532,QS1038,法觀經,1,1,91,91,
QS1039,UN0528,QS1039,思惟要略法,1,1,91,91,
QS1040,UN0189,QS1040,十二遊經,1,1,91,91,
QS1041,UN0200,QS1041,舊雜譬喻經,2,2,91,91,
QS1042,UN0198,QS1042,雜譬喻經,1,1,91,91,
QS1043,UN0199,QS1043,雜譬喻經,2,2,91,91,
QS1044,UN0202,QS1044,眾經撰雜譬喻,2,2,91,91,
QS1045,UN3630,QS1045,阿育王譬喻經,1,1,91,91,
QS1046,UN3629,QS1046,阿育王經,10,10,91,91,
QS1047,UN3628,QS1047,阿育王傳,5,5,91,91,
QS1048,UN3631,QS1048,阿育王息壞目因緣經,1,1,91,91,
QS1049,UN1573,QS1049,四阿含暮抄解,2,2,91,91,
QS1050,UN4822,QS1050,佛說法句經,2,2,91,91,
QS1051,UN0205,QS1051,法句譬喻經,4,4,91,91,
QS1052,UN3599,QS1052,迦葉結經,1,1,91,91,
QS1053,UN3598,QS1053,撰集三藏及雜藏傳,1,1,91,91,
QS1054,UN0810,QS1054,三慧經,1,1,91,91,
QS1055,UN1626,QS1055,阿毗曇五法行經,1,1,91,91,
QS1056,UN1750,QS1056,一百五十讚佛頌,1,1,91,91,
QS1057,UN1074,QS1057,讚觀世音菩薩頌,1,1,91,91,
QS1058,UN0329,QS1058,文殊師利發願經,1,1,91,91,
QS1059,UN0618,QS1059,六菩薩名亦當誦持經,1,1,91,91,
QS1060,UN0535,QS1060,小道地經,1,1,91,91,
QS1061,UN1575,QS1061,阿含口解十二因緣經,1,1,91,91,
QS1062,UN0541,QS1062,佛說無明羅剎經,1,1,91,91,
QS1063,UN3632,QS1063,馬鳴菩薩傳,1,1,91,91,
QS1064,UN36331,QS1064,龍樹菩薩傳,1,1,91,91,
QS1065,UN3634,QS1065,提婆菩薩傳,1,1,91,91,
QS1066,UN3635,QS1066,婆藪槃豆傳,1,1,91,91,
QS1067,UN1742,QS1067,龍樹菩薩為禪陀迦王說法要偈,1,1,91,91,
QS1068,UN1743,QS1068,勸發諸王要偈,1,1,91,91,
QS1069,UN1744,QS1069,龍樹菩薩勸誡王頌,1,1,91,91,2部經同一個編碼
QS1070,UN1760,QS1070,賓頭盧突羅闍為優陀延王說法經,1,1,91,91,
QS1071,UN1759,QS1071,請賓頭盧經,1,1,91,91,
QS1072,UN0543,QS1072,分別業報略經,1,1,91,91,
QS1073,UN3600,QS1073,迦丁比丘說當來變經,1,1,91,91,
QS1074,UN3602,QS1074,大阿羅漢難提蜜多羅所說法住記,1,1,91,91,
QS1075,UN3901,QS1075,金七十論,3,3,92,92,
QS1076,UN3902,QS1076,勝宗十句義論,1,1,92,92,
QS1077,UN3623,QS1077,釋迦譜,10,10,92,92,
QS1078,UN3624,QS1078,釋迦氏譜,1,1,92,92,
QS1079,UN3778,QS1079,釋迦方誌,2,2,92,92,
QS1080,UN3887,QS1080,經律異相,50,50,92,93,
QS1081,UN1384,QS1081,陀羅尼雜經,10,10,93,93,
QS1082,UN3890,QS1082,諸經要集,20,20,93,94,
QS1083,UN3958,QS1083,出三藏記集,15,15,94,94,
QS1084,UN3959,QS1084,眾經目錄,7,7,94,94,
QS1085,UN3607,QS1085,歷代三寶紀,15,15,95,95,
QS1086,UN3960,QS1086,眾經目錄,5,5,94,94,
QS1087,UN3962,QS1087,大唐內典錄,10,10,95,95,
QS1088,,QS1088,續大唐內典錄,1,1,96,96,
QS1089,UN3963,QS1089,古今譯經圖記,4,4,96,96,
QS1090,UN3964,QS1090,續古今譯經圖記,1,1,96,96,
QS1091,UN3965,QS1091,大週刊定眾經目錄,14,14,96,96,
QS1092,,QS1092,大週刊定偽經目錄,1,1,96,96,
QS1093,UN3966,QS1093,開元釋教錄,20,20,96,97,
QS1094,UN39432,QS1094,一切經音義,25,25,97,97,
QS1095,UN39441,QS1095,新譯大方廣佛華嚴經音義,2,2,97,97,
QS1096,UN3777,QS1096,大唐西域記,12,12,98,98,
QS1097,UN3802,QS1097,續集古今佛道論衡,1,1,98,98,
QS1098,UN3801,QS1098,集古今佛道論衡實錄,4,4,98,98,
QS1099,UN3803,QS1099,集神州塔寺三寶感通錄,3,3,98,98,
QS1100,UN3818,QS1100,集沙門不應拜俗等事,6,6,98,98,
QS1101,UN3639,QS1101,大唐大慈恩寺三藏法師傳,10,10,98,98,
QS1102,UN3661,QS1102,大唐西域求法高僧傳,2,2,98,98,
QS1103,UN3775,QS1103,法顯傳,1,1,98,98,
QS1104,UN3653,QS1104,高僧傳,14,14,98,99,
QS1105,UN3654,QS1105,續高僧傳,31,31,99,100,
QS1106,UN3820,QS1106,辯正論,8,8,100,100,
QS1107,UN3819,QS1107,破邪論,2,2,100,100,
QS1108,UN3822,QS1108,甄正論,3,3,100,100,
QS1109,UN3821,QS1109,十門辨惑論,2,2,100,100,
QS1110,UN3799,QS1110,弘明集,14,14,100,101,
QS1111,UN3800,QS1111,廣弘明集,30,30,101,102,
QS1112,UN3842,QS1112,集諸經禮懺悔文,2,2,102,102,
QS1113,UN3892,QS1113,南海寄歸內法傳,4,4,102,102,
QS1114,UN3671,QS1114,比丘尼傳,4,4,102,102,
QS1115,UN2693,QS1115,說罪要行法,1,1,102,102,
QS1116,UN2692,QS1116,受用三水要行法,1,1,102,102,
QS1117,UN2691,QS1117,護命放生儀軌法,1,1,102,102,
QS1118,UN3967,QS1118,開元釋教錄略出,4,4,102,102,
QS1119,UN3948,QS1119,紹興重雕大藏音,3,3,102,102,
QS1120,UN3888,QS1120,法苑珠林,100,100,102,105,
QS1121,UN1072,QS1121,佛說大乘莊嚴寶王經,4,4,105,105,
QS1122,UN0954,QS1122,佛說大乘聖無量壽決定光明王如來陀羅尼經,1,1,105,105,
QS1123,UN1202,QS1123,佛說大乘聖吉祥持世陀羅尼經,1,1,105,105,
QS1124,UN0960,QS1124,佛說無能勝幡王如來莊嚴陀羅尼經,1,1,105,105,
QS1125,UN09901,QS1125,最勝佛頂陀羅尼經,1,1,105,105,
QS1126,UN0288,QS1126,聖佛母小字般若波羅蜜多經,1,1,105,105,
QS1127,UN1752,QS1127,七佛讚唄伽他,1,1,105,105,
QS1128,UN0331,QS1128,大方廣總持寶光明經,5,5,105,105,
QS1129,UN1284,QS1129,佛說出生一切如來法眼徧照大力明王經,2,2,105,105,
QS1130,UN1021,QS1130,佛說守護大千國土經,3,3,105,105,
QS1131,UN0787,QS1131,佛說樓閣正法甘露鼓經,1,1,105,105,
QS1132,UN0641,QS1132,佛說大乘善見變化文殊師利問法經,1,1,105,105,
QS1133,UN0084,QS1133,分別善惡報應經,2,2,105,105,
QS1134,UN1046,QS1134,佛頂放無垢光明入普門觀察一切如來心陀羅尼經,2,2,105,105,
QS1135,UN0365,QS1135,佛說大乘日子王所問經,1,1,105,105,
QS1136,UN0684,QS1136,佛說金耀童子經,1,1,105,105,
QS1137,UN0572,QS1137,佛說較量壽命經,1,1,105,105,
QS1138,UN0516,QS1138,嗟韈曩法天子受三歸依獲免惡道經,1,1,105,105,
QS1139,UN1745,QS1139,讚法界偈,1,1,105,105,
QS1140,UN1184,QS1140,聖虛空藏菩薩陀羅尼經,1,1,105,105,
QS1141,UN1070,QS1141,佛說大護明大陀羅尼經,1,1,105,105,
QS1142,UN1438,QS1142,大寒林聖難拏陀羅尼經,1,1,105,105,
QS1143,UN0571,QS1143,佛說諸行有為經,1,1,105,105,
QS1144,UN1169,QS1144,息除中夭陀羅尼經,1,1,105,105,
QS1145,UN1043,QS1145,一切如來正法秘密篋印心陀羅尼經,1,1,105,105,
QS1146,UN1448,QS1146,消除一切閃電障難隨求如意陀羅尼經,1,1,105,105,
QS1147,UN1400,QS1147,佛說聖最上燈明如來陀羅尼經,1,1,105,105,
QS1148,UN0804,QS1148,妙法聖念處經,8,8,105,105,
QS1149,UN1762,QS1149,勝軍化世百喻伽他經,1,1,105,105,
QS1150,UN0545,QS1150,六道伽陀經,1,1,105,105,
QS1151,UN0207,QS1151,法集要頌經,4,4,105,105,
QS1152,UN1732,QS1152,菩提行經,4,4,105,105,
QS1153,UN1139,QS1153,讚揚聖德多羅菩薩一百八名經,1,1,105,105,
QS1154,UN1076,QS1154,聖觀自在菩薩一百八名經,1,1,105,105,
QS1155,UN0382,QS1155,佛說大迦葉問大寶積正法經,5,5,105,105,
QS1156,UN1534,QS1156,佛說沙彌十戒儀則經,1,1,105,105,
QS1157,UN1203,QS1157,聖持世陀羅尼經,1,1,105,105,
QS1158,UN0576,QS1158,佛說法集名數經,1,1,106,106,
QS1159,UN1138,QS1159,聖多羅菩薩一百八名陀羅尼經,1,1,106,106,
QS1160,UN1528,QS1160,佛說目連所問經,1,1,106,106,
QS1161,UN0861,QS1161,外道問聖大乘法無我義經,1,1,106,106,
QS1162,UN0540,QS1162,十二緣生祥瑞經,2,2,106,106,
QS1163,UN1147,QS1163,毗俱胝菩薩一百八名經,1,1,106,106,
QS1164,UN1219,QS1164,大方廣菩薩藏文殊師利根本儀軌經,20,20,106,106,
QS1165,UN1275,QS1165,無能勝大明陀羅尼經,1,1,106,106,
QS1166,UN1276,QS1166,無能勝大明心陀羅尼經,1,1,106,106,
QS1167,UN1540,QS1167,佛說苾芻五法經,1,1,106,106,
QS1168,UN1541,QS1168,佛說苾芻迦屍迦十法經,1,1,106,106,
QS1169,UN0935,QS1169,諸佛心印陀羅尼經,1,1,106,106,
QS1170,UN1701,QS1170,金剛針論,1,1,106,106,
QS1171,UN0913,QS1171,妙臂菩薩所問經,4,4,106,106,
QS1172,UN0604,QS1172,大乘寶月童子問法經,1,1,106,106,
QS1173,UN1457,QS1173,佛說蓮華眼陀羅尼經,1,1,106,106,
QS1174,UN0289,QS1174,佛說觀想佛母般若波羅蜜多菩薩經,1,1,106,106,
QS1175,UN1449,QS1175,佛說如意摩尼陀羅尼經,1,1,106,106,
QS1176,UN0720,QS1176,佛為娑伽羅龍王所說大乘經,1,1,106,106,
QS1177,UN0716,QS1177,佛說大自在天子因地經,1,1,106,106,
QS1178,UN1458,QS1178,佛說寶生陀羅尼經,1,1,106,106,
QS1179,UN0818,QS1179,佛說十號經,1,1,106,106,
QS1180,UN1149,QS1180,廣大蓮華莊嚴曼拏羅滅一切罪陀羅尼經,1,1,106,106,
QS1181,UN1160,QS1181,佛說普賢菩薩陀羅尼經,1,1,106,106,
QS1182,UN1461,QS1182,大金剛妙高山樓閣陀羅尼,1,1,106,106,
QS1183,UN0907,QS1183,一切如來大秘密王未曾有最上微妙大曼拏羅經,5,5,106,106,
QS1184,UN1298,QS1184,佛說大摩裡支菩薩經,7,7,106,106,
QS1185,UN1325,QS1185,佛說聖寶藏神儀軌經,2,2,106,106,
QS1186,UN1324,QS1186,佛說寶藏神大明曼拏羅儀軌經,2,2,106,106,
QS1187,UN1459,QS1187,佛說尊勝大明王經,1,1,106,106,
QS1188,UN1443,QS1188,佛說智光滅一切業障陀羅尼經,1,1,106,106,
QS1189,UN1450,QS1189,佛說如意寶總持王經,1,1,106,106,
QS1190,UN1417,QS1190,佛說持明藏八大總持王經,1,1,106,106,
QS1191,UN1277,QS1191,聖無能勝金剛火陀羅尼經,1,1,106,106,
QS1192,UN1418,QS1192,佛說聖大總持王經,1,1,106,106,
QS1193,UN1454,QS1193,佛說最上意陀羅尼經,1,1,106,106,
QS1194,UN1423,QS1194,佛說聖莊嚴陀羅尼經,2,2,106,106,
QS1195,UN1069,QS1195,佛說聖六字大明王陀羅尼經,1,1,106,106,
QS1196,UN1058,QS1196,千轉大明陀羅尼經,1,1,106,106,
QS1197,UN1402,QS1197,佛說花積樓閣陀羅尼經,1,1,106,106,
QS1198,UN1456,QS1198,佛說勝旛瓔珞陀羅尼經,1,1,106,106,
QS1199,UN1756,QS1199,賢聖集伽陀一百頌,1,1,106,106,
QS1200,UN1159,QS1200,佛說普賢曼拏羅經,1,1,106,106,
QS1201,UN0185,QS1201,佛說眾許摩訶帝經,13,13,106,106,
QS1202,UN0076,QS1202,佛說長者施報經,1,1,106,106,
QS1203,UN0004,QS1203,毗婆屍佛經,2,2,106,106,
QS1204,UN1286,QS1204,佛說毗沙門天王經,1,1,106,106,
QS1205,UN0021,QS1205,佛說大三摩惹經,1,1,106,106,
QS1206,UN0226,QS1206,佛說月光菩薩經,1,1,106,106,
QS1207,UN1077,QS1207,佛說聖觀自在菩薩梵讚,1,1,106,106,
QS1208,UN1749,QS1208,佛一百八名讚,1,1,106,106,
QS1209,UN0796,QS1209,佛說佈施經,1,1,106,106,
QS1210,UN1344,QS1210,佛說聖曜母陀羅尼經,1,1,106,106,
QS1211,UN1237,QS1211,佛說文殊師利一百八名梵讚,1,1,106,106,
QS1212,UN0134,QS1212,佛說解憂經,1,1,106,106,
QS1213,UN1753,QS1213,犍稚梵讚,1,1,106,106,
QS1214,UN0003,QS1214,佛說七佛經,1,1,106,106,
QS1215,UN0393,QS1215,佛說大乘無量壽莊嚴經,3,3,106,106,
QS1216,UN0268,QS1216,佛說徧照般若波羅蜜經,1,1,107,107,
QS1217,UN1140,QS1217,聖多羅菩薩梵讚,1,1,107,107,
QS1218,UN0797,QS1218,大乘舍黎娑擔摩經,1,1,107,107,2部經同一個編碼
QS1219,UN0276,QS1219,帝釋般若波羅蜜多心經,1,1,107,107,
QS1220,UN0609,QS1220,佛說諸佛經,1,1,107,107,
QS1221,UN0149,QS1221,佛說四無所畏經,1,1,107,107,
QS1222,UN0976,QS1222,佛說一切如來頂輪王一百八名讚,1,1,107,107,
QS1223,UN1419,QS1223,增慧陀羅尼經,1,1,107,107,
QS1224,UN1071,QS1224,聖六字增壽大明陀羅尼經,1,1,107,107,
QS1225,UN1564,QS1225,佛說大乘戒經,1,1,107,107,
QS1226,UN1455,QS1226,佛說聖最勝陀羅尼經,1,1,107,107,
QS1227,UN0274,QS1227,佛說五十頌聖般若波羅蜜經,1,1,107,107,
QS1228,UN1162,QS1228,佛說金剛手菩薩降伏一切部多大教王經,3,3,107,107,
QS1229,UN1161,QS1229,最上大乘金剛大教寶王經,2,2,107,107,
QS1230,UN0032,QS1230,佛說薩鉢多酥哩踰捺野經,1,1,107,107,
QS1231,UN1000,QS1231,佛說一切如來烏瑟膩沙最勝總持經,1,1,107,107,
QS1232,UN1733,QS1232,菩提心觀釋,1,1,107,107,
QS1233,UN0255,QS1233,佛說佛母寶德藏般若波羅蜜經,3,3,107,107,
QS1234,UN1209,QS1234,佛說金剛香菩薩大明成就儀軌經,3,3,107,107,
QS1235,UN1313,QS1235,金剛薩埵說頻那夜迦天成就儀軌經,4,4,107,107,
QS1236,UN0909,QS1236,佛說幻化網大瑜伽教十忿怒明王大明觀想儀軌經,1,1,107,107,
QS1237,UN1255,QS1237,佛說妙吉祥最勝根本大教經,3,3,107,107,
QS1238,UN1447,QS1238,佛說大金剛香陀羅尼經,1,1,107,107,
QS1239,UN0353,QS1239,佛說護國尊者所問大乘經,4,4,107,107,
QS1240,UN1208,QS1240,佛說持明藏瑜伽大教尊那菩薩大明成就儀軌經,4,4,107,107,
QS1241,UN0956,QS1241,佛說大乘觀想曼拏羅淨諸惡趣經,2,2,107,107,
QS1242,UN1283,QS1242,佛說妙吉祥瑜伽大教金剛陪囉嚩輪觀想成就儀軌經,1,1,107,107,
QS1243,UN1073,QS1243,佛說一切佛攝相應大教王經聖觀自在菩薩念誦儀軌經,1,1,107,107,
QS1244,UN12061,QS1244,佛說大乘八大曼拏羅經,1,1,107,107,
QS1245,UN1164,QS1245,聖金剛手菩薩一百八名梵讚,1,1,107,107,
QS1246,UN0321,QS1246,佛說較量一切佛剎功德經,1,1,107,107,
QS1247,UN1761,QS1247,迦葉仙人說醫女人經,1,1,107,107,
QS1248,UN1378,QS1248,囉嚩拏說救療小兒疾病經,1,1,107,107,
QS1249,UN0908,QS1249,佛說瑜伽大教王經,5,5,107,107,
QS1250,UN1426,QS1250,佛說大愛陀羅尼經,1,1,107,107,
QS1251,UN0145,QS1251,佛說阿羅漢具德經,1,1,107,107,
QS1252,UN1431,QS1252,佛說俱枳羅陀羅尼經,1,1,107,107,
QS1253,UN1446,QS1253,佛說消除一切災障寶髻陀羅尼經,1,1,107,107,
QS1254,UN1432,QS1254,佛說妙色陀羅尼經,1,1,107,107,
QS1255,UN1433,QS1255,佛說栴檀香身陀羅尼經,1,1,107,107,
QS1256,UN1430,QS1256,佛說鉢蘭那賒嚩哩大陀羅尼經,1,1,107,107,
QS1257,UN1429,QS1257,佛說宿命智陀羅尼經,1,1,107,107,
QS1258,UN1178,QS1258,佛說慈氏菩薩誓願陀羅尼經,1,1,107,107,
QS1259,UN1445,QS1259,佛說滅除五逆罪大陀羅尼經,1,1,107,107,
QS1260,UN0951,QS1260,佛說無量功德陀羅尼經,1,1,107,107,
QS1261,UN1151,QS1261,佛說十八臂陀羅尼經,1,1,107,107,
QS1262,UN1436,QS1262,佛說洛叉陀羅尼經,1,1,107,107,
QS1263,UN1453,QS1263,佛說辟除諸惡陀羅尼經,1,1,107,107,
QS1264,UN1755,QS1264,佛說八大靈塔名號經,1,1,107,107,
QS1265,UN1754,QS1265,八大靈塔梵讚,1,1,107,107,
QS1266,UN1747,QS1266,三身梵讚,1,1,107,107,
QS1267,UN0160,QS1267,佛說尊那經,1,1,107,107,
QS1268,UN0658,QS1268,寶授菩薩菩提行經,1,1,107,107,
QS1269,UN1748,QS1269,佛三身讚,1,1,107,107,
QS1270,UN1236,QS1270,曼殊室利菩薩吉祥伽陀,1,1,107,107,
QS1271,UN1227,QS1271,佛說妙吉祥菩薩陀羅尼,1,1,107,107,
QS1272,UN1435,QS1272,佛說無量壽大智陀羅尼,1,1,107,107,
QS1273,UN1428,QS1273,佛說宿命智陀羅尼,1,1,107,107,
QS1274,UN1177,QS1274,佛說慈氏菩薩陀羅尼,1,1,107,107,
QS1275,UN1185,QS1275,佛說虛空藏菩薩陀羅尼,1,1,107,107,
QS1276,UN0011,QS1276,大正句王經,2,2,107,107,
QS1277,UN0009,QS1277,佛說人仙經,1,1,107,107,
QS1278,UN0043,QS1278,佛說頻婆娑羅王經,1,1,107,107,2部經同一個編碼
QS1279,UN0117,QS1279,佛說舊城喻經,1,1,107,107,
QS1280,UN0127,QS1280,佛說信解智力經,1,1,107,107,
QS1281,UN1371,QS1281,佛說善樂長者經,1,1,107,107,
QS1282,UN1137,QS1282,佛說聖多羅菩薩經,1,1,107,107,
QS1283,UN1427,QS1283,佛說大吉祥陀羅尼經,1,1,107,107,
QS1284,UN1326,QS1284,佛說寶賢陀羅尼經,1,1,107,107,
QS1285,UN1413,QS1285,佛說秘密八名陀羅尼經,1,1,107,107,
QS1286,UN1150,QS1286,佛說觀自在菩薩母陀羅尼經,1,1,107,107,
QS1287,UN0136,QS1287,佛說戒香經,1,1,107,107,
QS1288,UN1172,QS1288,佛說延壽妙門陀羅尼經,1,1,107,107,
QS1289,UN0020,QS1289,佛說信佛功德經,1,1,107,107,
QS1290,UN1395,QS1290,佛說一切如來名號陀羅尼經,1,1,107,107,
QS1291,UN1451,QS1291,佛說息除賊難陀羅尼經,1,1,107,107,
QS1292,UN0808,QS1292,佛說法身經,1,1,107,107,
QS1293,UN0270,QS1293,佛說最上根本大樂金剛不空三昧大教王經,7,7,107,107,
QS1294,UN1329,QS1294,佛說最上秘密那拏天經,3,3,107,107,
QS1295,UN0064,QS1295,佛說解夏經,1,1,107,107,
QS1296,UN0017,QS1296,佛說帝釋所問經,1,1,107,107,
QS1297,UN0574,QS1297,佛說決定義經,1,1,107,107,
QS1298,UN0071,QS1298,佛說護國經,1,1,107,107,
QS1299,UN3702,QS1299,景德傳燈錄,30,30,108,108,
QS1300,UN0727,QS1300,佛說未曾有正法經,6,6,108,108,
QS1301,UN0016,QS1301,佛說大生義經,1,1,108,108,
QS1302,UN0088,QS1302,佛說分別佈施經,1,1,108,108,
QS1303,UN0165,QS1303,佛說分別緣生經,1,1,108,108,
QS1304,UN0109,QS1304,佛說法印經,1,1,108,108,
QS1305,UN0254,QS1305,佛母出生三法藏般若波羅蜜多經,25,25,109,109,
QS1306,UN0376,QS1306,佛說大方廣善巧方便經,4,4,109,109,
QS1307,UN0859,QS1307,佛說大乘不思議神通境界經,3,3,109,109,
QS1308,UN0853,QS1308,佛說發菩提心破諸魔經,2,2,109,109,
QS1309,UN0283,QS1309,佛說聖佛母般若波羅蜜多經,1,1,109,109,
QS1310,UN0153,QS1310,佛說給孤長者女得度因緣經,3,3,109,109,
QS1311,UN0013,QS1311,佛說大集法門經,2,2,109,109,
QS1312,UN1728,QS1312,集諸法寶最上義論,2,2,109,109,
QS1313,UN1731,QS1313,菩提心離相論,1,1,109,109,
QS1314,UN0085,QS1314,佛說淨意優婆塞所問經,1,1,109,109,
QS1315,UN1644,QS1315,大乘破有論,1,1,109,109,
QS1316,UN0905,QS1316,佛說無二平等最上瑜伽大教王經,6,6,109,109,
QS1317,UN1727,QS1317,集大乘相論,2,2,109,109,
QS1318,UN1190,QS1318,佛說佛母般若波羅蜜多大明觀想儀軌,1,1,109,109,
QS1319,UN0500,QS1319,佛說光明童子因緣經,4,4,109,109,
QS1320,UN0754,QS1320,佛說入無分別法門經,1,1,109,109,
QS1321,UN1645,QS1321,六十頌如理論,1,1,109,109,
QS1322,UN1424,QS1322,佛說寶帶陀羅尼經,1,1,109,109,
QS1323,UN1460,QS1323,佛說金身陀羅尼經,1,1,109,109,
QS1324,UN0904,QS1324,佛說金剛場莊嚴般若波羅蜜多教中一分,1,1,109,109,
QS1325,UN1751,QS1325,佛吉祥德讚,3,3,109,109,
QS1326,UN2853,QS1326,顯密圓通成佛心要集,2,2,109,109,
QS1327,UN0474,QS1327,佛說初分說經,2,2,109,109,
QS1328,UN0090,QS1328,佛說息諍因緣經,1,1,109,109,
QS1329,UN0363,QS1329,佛說無畏授所問大乘經,3,3,109,109,
QS1330,UN0142,QS1330,佛說月喻經,1,1,109,109,
QS1331,UN0123,QS1331,佛說醫喻經,1,1,109,109,
QS1332,UN1646,QS1332,大乘二十頌論,1,1,109,109,
QS1333,UN0902,QS1333,佛說秘密相經,3,3,109,109,
QS1334,UN1584,QS1334,佛母般若波羅蜜多圓集要義釋論,4,4,109,109,
QS1335,UN0233,QS1335,佛說福力太子因緣經,3,3,109,109,
QS1336,UN0012,QS1336,佛說尼拘陀梵志經,2,2,109,109,
QS1337,UN1584,QS1337,佛母般若波羅蜜多圓集要義論,1,1,109,109,
QS1338,UN0211,QS1338,佛說灌頂王喻經,1,1,109,109,
QS1339,UN1746,QS1339,廣大發願頌,1,1,109,109,
QS1340,UN0010,QS1340,佛說白衣金幢二婆羅門緣起經,3,3,109,109,
QS1341,UN0900,QS1341,佛說一切如來真實攝大乘現證三昧大教王經,30,30,110,110,
QS1342,UN0219,QS1342,大乘本生心地觀經,8,8,110,110,
QS1343,UN1725,QS1343,大乘寶要義論,10,10,110,110,
QS1344,UN0662,QS1344,佛說除蓋障菩薩所問經,20,20,110,110,
QS1345,UN0603,QS1345,佛說大乘大方廣佛冠經,2,2,110,110,
QS1346,UN0570,QS1346,佛說身毛喜豎經,3,3,110,110,
QS1347,UN1583,QS1347,聖佛母般若波羅蜜多九頌精義論,2,2,110,110,
QS1348,UN1565,QS1348,佛說八種長養功德經,1,1,110,110,
QS1349,UN1269,QS1349,穢跡金剛說神通大滿陀羅尼法術靈要門經,1,1,110,110,
QS1350,UN1270,QS1350,穢跡金剛法禁百變法門經,1,1,110,110,
QS1351,UN1242,QS1351,不動使者陀羅尼秘密法,1,1,110,110,
QS1352,UN1055,QS1352,金剛恐怖集會方廣軌儀觀自在菩薩三世最勝心明王經,1,1,110,110,
QS1353,UN0883,QS1353,金剛頂一切如來真實攝大乘現證大教王經,3,3,110,110,
QS1354,UN1055,QS1354,金剛恐怖集會方廣軌儀觀自在菩薩三世最勝心明王大威力烏樞瑟摩明王經,3,3,110,110,
QS1355,UN0894,QS1355,金剛頂經瑜伽修習毗盧遮那三摩地法,1,1,111,111,
QS1356,UN0970,QS1356,一字奇特佛頂經,3,3,111,111,
QS1357,UN09711,QS1357,一字頂輪王念誦儀軌,1,1,111,111,
QS1358,UN1061,QS1358,阿唎多羅陀羅尼阿嚕力品,1,1,111,111,
QS1359,UN0822,QS1359,金剛頂瑜伽念珠經,1,1,111,111,
QS1360,UN1134,QS1360,佛說大方廣曼殊室利經,1,1,111,111,
QS1361,UN0269,QS1361,大樂金剛不空真實三麼耶般若波羅蜜多理趣經,1,1,111,111,
QS1362,UN1095,QS1362,十一面觀自在菩薩心密言念誦儀軌經,3,3,111,111,
QS1363,UN0454,QS1363,百千頌大集經地藏菩薩請問法身讚,1,1,111,111,
QS1364,UN1294,QS1364,佛說大吉祥天女十二契一百八名無垢大乘經,1,1,111,111,
QS1365,UN0328,QS1365,普賢菩薩行願讚,1,1,111,111,
QS1366,UN12101,QS1366,金剛頂經瑜伽文殊師利菩薩法一品,1,1,111,111,
QS1367,UN0967,QS1367,菩提場所說一字頂輪王經,5,5,111,111,
QS1368,UN12401,QS1368,底哩三昧耶不動尊威怒王使者念誦法,1,1,111,111,2部經同一個編碼
QS1369,UN1039,QS1369,佛說出生無邊門陀羅尼經,1,1,111,111,
QS1370,UN10441,QS1370,一切如來心秘密全身舍利寶篋印陀羅尼經,1,1,111,111,
QS1371,UN12931,QS1371,佛說大吉祥天女十二名號經,1,1,111,111,
QS1372,UN1170,QS1372,佛說一切如來金剛壽命陀羅尼經,1,1,111,111,
QS1373,UN0272,QS1373,仁王護國般若波羅蜜多經,2,2,111,111,
QS1374,UN0887,QS1374,金剛頂瑜伽經十八會指歸,1,1,111,111,
QS1375,UN10291,QS1375,大寶廣博樓閣善住秘密陀羅尼經,3,3,111,111,
QS1376,UN1014,QS1376,大雲輪請雨經,2,2,111,111,
QS1377,UN1004,QS1377,佛母大孔雀明王經,3,3,111,111,
QS1378,UN0800,QS1378,慈氏菩薩所說大乘緣生稻稈喻經,1,1,111,111,
QS1379,UN13051,QS1379,佛說穰麌梨童女經,1,1,111,111,
QS1380,UN1201,QS1380,佛說雨寶陀羅尼經,1,1,111,111,
QS1381,UN1030,QS1381,菩提場莊嚴陀羅尼經,1,1,111,111,
QS1382,UN1133,QS1382,葉衣觀自在菩薩經,1,1,111,111,
QS1383,UN1285,QS1383,毗沙門天王經,1,1,111,111,
QS1384,UN1302,QS1384,訶利帝母真言法,1,1,111,111,
QS1385,UN0358,QS1385,佛說三十五佛名禮懺文,1,1,111,111,2部經同一個編碼
QS1386,UN1354,QS1386,佛說救拔焰口餓鬼陀羅尼經,1,1,111,111,
QS1387,UN1059,QS1387,觀自在菩薩說普賢陀羅尼經,1,1,111,111,
QS1388,UN1207,QS1388,八大菩薩曼荼羅經,1,1,111,111,
QS1389,UN1372,QS1389,能淨一切眼疾病陀羅尼經,1,1,111,111,
QS1390,UN1370,QS1390,除一切疾病陀羅尼經,1,1,111,111,
QS1391,UN0891,QS1391,金剛頂蓮華部心念誦儀軌,1,1,111,111,
QS1392,UN1078,QS1392,金剛頂瑜伽千手千眼觀自在菩薩修行儀軌經,1,1,111,111,
QS1393,UN0938,QS1393,阿閦如來念誦供養法,1,1,111,111,
QS1394,UN0988,QS1394,佛頂尊勝陀羅尼念誦儀軌,1,1,111,111,
QS1395,UN1157,QS1395,普賢金剛薩埵瑜伽念誦儀軌,1,1,111,111,
QS1396,UN0637,QS1396,文殊問經字母品第十四,1,1,111,111,
QS1397,UN1165,QS1397,金剛王菩薩秘密念誦儀軌,1,1,111,111,
QS1398,UN1156,QS1398,金剛頂勝初瑜伽普賢菩薩念誦法經,1,1,111,111,
QS1399,UN0776,QS1399,大乘密嚴經,3,3,111,111,
QS1400,UN1103,QS1400,七俱胝佛母所說准提陀羅尼經,1,1,111,111,
QS1401,UN1025,QS1401,大樂金剛不空真實三昧邪經般若波羅蜜多理趣釋,2,2,111,111,
QS1402,UN09261,QS1402,金剛頂瑜伽護摩儀軌,1,1,111,111,
QS1403,UN1158,QS1403,金剛頂瑜伽金剛薩埵五秘密修行念誦儀軌,1,1,111,111,
QS1404,UN1041,QS1404,大方廣佛華嚴經入法界品四十二字輪觀門法,1,1,111,111,
QS1405,UN1026,QS1405,般若波羅蜜多理趣經大安樂不空三昧真實金剛菩薩等一十七聖大曼荼羅義述,1,1,111,111,
QS1406,UN09211,QS1406,陀羅尼門諸部要目,1,1,111,111,
QS1407,UN0897,QS1407,金剛頂瑜伽三十七尊禮,1,1,111,111,
QS1408,UN0932,QS1408,受菩提心戒儀,1,1,111,111,
QS1409,UN1235,QS1409,大聖文殊師利菩薩讚佛法身禮,1,1,111,111,
QS1410,UN0947,QS1410,無量壽如來修觀行供養儀軌,1,1,111,111,
QS1411,UN1712,QS1411,大乘緣生論,1,1,111,111,
QS1412,UN0464,QS1412,佛說大集會正法經,5,5,112,112,
QS1413,UN1228,QS1413,佛說最勝妙吉祥根本智最上秘密一切名義三摩地分,2,2,112,112,
QS1414,UN0666,QS1414,佛說勝軍王所問經,1,1,112,112,
QS1415,UN0040,QS1415,佛說輪王七寶經,1,1,112,112,
QS1416,UN0030,QS1416,佛說園生樹經,1,1,112,112,2部經同一個編碼
QS1417,UN0957,QS1417,佛說帝釋巖秘密成就儀軌,1,1,112,112,
QS1418,UN1075,QS1418,聖觀自在菩薩功德讚,1,1,112,112,
QS1419,UN0273,QS1419,佛說了義般若波羅蜜多經,1,1,112,112,
QS1420,UN0903,QS1420,佛說一切如來金剛三業最上秘密大教王經,7,7,112,112,
QS1421,UN1717,QS1421,諸教決定名義論,1,1,112,112,
QS1422,UN0860,QS1422,佛說大方廣未曾有經善巧方便品,1,1,112,112,
QS1423,,QS1423,瑜伽翳迦訖沙囉烏瑟尼沙斫訖囉真言安怛陀那儀則一字頂輪王瑜伽經,1,1,112,112,
QS1424,UN1181,QS1424,大虛空藏菩薩念誦法,1,1,112,112,
QS1425,UN1017,QS1425,仁王般若念誦法,1,1,112,112,
QS1426,UN0405,QS1426,佛說如幻三摩地無量印法門經,3,3,112,112,
QS1427,UN0140,QS1427,佛說蟻喻經,1,1,112,112,
QS1428,UN11171,QS1428,觀自在菩薩如意輪念誦儀軌,1,1,112,112,
QS1429,UN1734,QS1429,廣釋菩提心論,2,2,112,112,
QS1430,UN1251,QS1430,甘露軍荼利菩薩供養念誦成就儀軌,1,1,112,112,
QS1431,UN0906,QS1431,一切秘密最上名義大教王儀軌,2,2,112,112,
QS14311,,QS14311,觀自在多羅瑜伽念誦法,1,1,112,112,
QS1432,UN1053,QS1432,聖觀自在菩薩心真言瑜伽觀行儀軌,1,1,112,112,
QS1433,UN0442,QS1433,海意菩薩所問淨印法門經,18,18,112,112,
QS1434,UN1129,QS1434,佛說聖觀自在菩薩不空王秘密心陀羅尼經,1,1,112,112,
QS1435,UN0901,QS1435,佛說秘密三昧大教王經,4,4,112,112,
QS1436,UN1637,QS1436,大乘中觀釋論,9,9,112,112,
QS1437,UN1420,QS1437,佛說施一切無畏陀羅尼經,1,1,112,112,
QS1438,UN0275,QS1438,聖八千頌般若波羅蜜多一百八名真實圓義陀羅尼經,1,1,112,112,
QS1439,UN0008,QS1439,佛說大堅固婆羅門緣起經,2,2,112,112,
QS1440,UN3655,QS1440,宋高僧傳,30,30,112,113,
QS1441,UN0410,QS1441,大般涅槃經,36,36,113,114,
QS1442,UN3008,QS1442,宗鏡錄,100,100,114,116,
QS1443,UN1232,QS1443,妙吉祥平等秘密最上觀門大教王經,5,5,116,116,
QS1444,UN12631,QS1444,聖迦柅忿怒金剛童子菩薩成就儀軌經,3,3,116,116,
QS1445,UN1152,QS1445,大樂金剛薩埵修行成就儀軌,1,1,116,116,2部經同一個編碼
QS1446,UN1236,QS1446,曼殊室利菩薩吉祥伽陁,1,1,116,116,
QS1447,UN0885,QS1447,金剛峰樓閣一切瑜伽瑜祇經,2,2,116,116,
QS1448,UN0344,QS1448,佛說如來不思議秘密大乘經,20,20,116,116,
QS1449,UN12151,QS1449,大乘瑜伽金剛性海曼殊室利千臂千鉢大教王經,10,10,116,116,
QS1450,UN12541,QS1450,聖閻曼德迦威怒王立成大神驗念誦法,2,2,116,116,
QS1451,UN1022,QS1451,成就妙法蓮華經王瑜伽觀智儀軌,1,1,116,116,
QS1452,UN1464,QS1452,佛說一切如來安像三昧儀軌經,1,1,116,116,
QS1453,UN1317,QS1453,文殊師利菩薩根本大教王金翅鳥王品,1,1,116,116,
QS1454,UN1249,QS1454,金剛頂瑜伽降三世成就極深密門,1,1,116,116,
QS1455,UN1155,QS1455,金剛頂瑜伽他化自在天理趣會普賢修行念誦儀軌,1,1,116,116,
QS1456,UN0898,QS1456,瑜伽金剛頂經釋字母品,1,1,116,116,
QS1457,UN1157,QS1457,金剛頂瑜伽金剛薩埵儀軌,1,1,116,116,
QS1458,UN1166,QS1458,金剛壽命陀羅尼念誦法,1,1,116,116,
QS1459,UN1301,QS1459,大藥叉女歡喜母並愛子成就法,1,1,116,116,
QS1460,UN1134,QS1460,佛說大方廣曼殊室利經,1,1,116,116,
QS1461,UN1213,QS1461,五字陀羅尼頌,1,1,116,116,
QS1462,UN10101,QS1462,佛說大孔雀明王畫像壇場儀軌,1,1,116,116,
QS1463,UN1307,QS1463,大聖天歡喜雙身毗那耶迦法,1,1,116,116,
QS1464,UN1019,QS1464,守護國界主陀羅尼經,10,10,116,117,
QS1465,UN0291,QS1465,大乘理趣六波羅蜜多經,10,10,117,117,
QS1466,UN0910,QS1466,佛說大悲空智金剛大教王儀軌,5,5,117,117,
QS1467,UN0682,QS1467,佛說巨力長者所問大乘經,3,3,117,117,
QS1468,UN1191,QS1468,普徧光明焰鬘清淨熾盛如意寶印心無能勝大明王大隨求陀羅尼經,2,2,117,117,
QS1469,UN1266,QS1469,大威怒烏芻澀麼儀軌,1,1,117,117,
QS1470,UN0671,QS1470,佛為優填王說王法政論經,1,1,117,117,
QS1471,UN0150,QS1471,佛說五大施經,1,1,117,117,
QS1472,UN0874,QS1472,大日經略攝念誦隨行法,1,1,117,117,
QS1473,UN1122,QS1473,佛說如意輪蓮華心如來修行觀門儀,1,1,117,117,
QS1474,UN12961,QS1474,佛說摩利支天女經,1,1,117,117,
QS1475,UN1275,QS1475,無能勝大明陀羅尼經,1,1,117,117,
QS1476,UN1434,QS1476,佛說無畏陀羅尼經,1,1,117,117,
QS1477,UN0979,QS1477,佛說最勝無比大威德金輪佛頂熾盛光消災吉祥陀羅尼經,1,1,117,117,
QS1478,UN0980,QS1478,佛說大威德金輪佛頂熾盛光如來消除一切災難陀羅尼經,1,1,117,117,
QS1479,UN1276,QS1479,無能勝大明心陀羅尼經,1,1,117,117,
QS1480,UN0644,QS1480,佛說妙吉祥菩薩所問大乘法螺經,1,1,117,117,
QS1481,UN0089,QS1481,佛說四品法門經,1,1,117,117,
QS1482,UN0617,QS1482,佛說八大菩薩經,1,1,117,117,
QS1483,UN0873,QS1483,大毗盧遮那成佛神變加持經略示七支念誦隨行法,1,1,117,117,
QS1484,UN1318,QS1484,速疾立驗魔醯首羅天說阿尾奢法,1,1,117,117,
QS1485,UN1214,QS1485,大聖曼殊室利童子五字瑜伽法,1,1,117,117,
QS1486,UN1340,QS1486,文殊師利菩薩及諸仙所說吉凶時日善惡宿曜經,2,2,117,117,
QS1487,UN0965,QS1487,一字金輪王佛頂要略念誦法,1,1,117,117,
QS1488,UN1118,QS1488,觀自在菩薩如意輪瑜伽,1,1,117,117,
QS1489,UN1018,QS1489,仁王般若陁羅尼釋,1,1,117,117,
QS1490,UN0267,QS1490,金剛頂瑜伽理趣般若經,1,1,117,117,
QS1491,UN1025,QS1491,大樂金剛不空真實三摩耶般若波羅蜜多理趣經,1,1,117,117,
QS1492,UN12102,QS1492,金剛頂瑜伽經文殊師利菩薩儀軌供養法,1,1,117,117,
QS1493,UN0888,QS1493,略述金剛頂瑜伽分別聖位修證法門,1,1,117,117,
QS1494,UN09711,QS1494,一字佛頂輪王念誦儀軌,1,1,117,117,
QS1495,UN0547,QS1495,十不善業道經,1,1,117,117,
QS1496,UN1054,QS1496,瑜伽蓮華部念誦法,1,1,117,117,
QS1497,UN1757,QS1497,事師法五十頌,1,1,117,117,
QS1498,UN1239,QS1498,金剛手光明灌頂經最勝立印聖無動尊大威怒王念誦儀軌法品,1,1,117,117,
QS1499,UN0948,QS1499,金剛頂經瑜伽觀自在王如來修行法,1,1,117,117,
QS1500,UN1143,QS1500,佛說一髻尊陀羅尼經,1,1,117,117,
QS1501,UN1462,QS1501,金剛摧碎陀羅尼,1,1,117,117,
QS1502,UN1130,QS1502,不空羂索毗盧遮那佛大灌頂光真言,1,1,117,117,
QS1503,UN1233,QS1503,妙吉祥平等瑜伽秘密觀身成佛儀軌,1,1,117,117,
QS1504,UN0225,QS1504,佛說頂生王因緣經,6,6,117,117,
QS1505,UN0753,QS1505,佛說大乘隨轉宣說諸法經,3,3,117,117,
QS1506,UN1016,QS1506,仁王護國般若波羅蜜多經道場念誦軌儀,1,1,117,117,
QS1507,UN0732,QS1507,佛說大乘智印經,5,5,117,117,
QS1508,UN1359,QS1508,瑜伽集要救阿難陀羅尼焰口儀軌經,1,1,117,117,
QS1509,UN0893,QS1509,金剛頂經一切如來真實攝大乘現證大教王經,2,2,117,117,
QS1510,UN0575,QS1510,佛說法乘義決定經,3,3,117,117,
QS1511,UN1295,QS1511,末利支提婆華鬘經,1,1,117,117,
QS1512,UN1229,QS1512,文殊所說最勝名義經,2,2,117,117,
QS1513,UN0348,QS1513,佛說大乘菩薩藏正法經,40,40,118,118,
QS1514,UN1092,QS1514,大悲心陀羅尼修行念誦略儀,1,1,118,118,
QS1515,UN1234,QS1515,妙吉祥平等觀門大教王經略出護摩儀,1,1,118,118,
QS1516,UN1211,QS1516,金剛頂超勝三界經說文殊五字真言勝相,1,1,118,118,
QS1517,UN09121,QS1517,蘇悉地羯羅供養法,3,3,118,118,
QS1518,UN2694,QS1518,大元帝師說根本一切有部出家授近圓羯磨儀範,1,1,118,118,
QS1519,UN2695,QS1519,大元帝師說根本一切有部苾蒭習學略法,1,1,118,118,
QS1520,UN1697,QS1520,大乘法界無差別論,1,1,118,118,
QS1521,UN1735,QS1521,金剛頂瑜伽中發阿耨多羅三藐三菩提心論,1,1,118,118,
QS1522,UN1511,QS1522,根本說一切有部毗奈耶破僧事,20,20,118,118,
QS1523,UN0220,QS1523,菩薩本生鬘論,16,16,118,119,
QS1524,UN1739,QS1524,大宗地玄文本論,8,8,119,119,
QS1525,UN1607,QS1525,施設論,7,7,119,119,
QS1526,UN1726,QS1526,大乘集菩薩學論,25,25,119,119,
QS1527,UN3976,QS1527,大元至元法寶勘同總錄,10,10,119,119,
QS1528,,QS1528,大元至元辨偽錄,5,5,119,119,
QS1529,UN1704,QS1529,彰所知論,2,2,119,119,
QS1530,UN1238,QS1530,聖者文殊師利發菩提心願文,1,1,119,119,
QS1531,UN1231,QS1531,聖妙吉祥真實名經,1,1,119,119,
QS1532,UN0999,QS1532,佛說大白傘蓋總持陀羅尼經,1,1,119,119,
QS1533,,QS1533,大白傘蓋佛母總讚嘆禱祝偈,1,1,119,119,
QS1534,UN3978,QS1534,大藏聖教法寶標目,10,10,119,120,
QS1535,UN37081,QS1535,傳法正宗記,9,9,120,120,
QS1536,UN37082,QS1536,傳法正宗定祖圖,1,1,120,120,
QS1537,UN37083,QS1537,傳法正宗論,2,2,120,120,
QS1538,UN3826,QS1538,輔教篇,3,3,120,120,
QS1539,UN3203,QS1539,天目中峰和尚廣錄,30,30,120,120,
QS1540,,QS1540,元故天目山佛慈圓照廣慧禪師中峯和尚行録,1,1,120,120,
QS1541,,QS1541,有元勑賜智覺禪師法雲塔銘,1,1,120,120,
QS1542,,QS1542,國子祭酒宋本製文,1,1,120,120,
